Index,Name,Expansion,Rareté,Min price,Price trend,Price 7 days,Price 30 days,Exemplaires en vente,Tournament_last_month
3802,Raikou V,Brilliant-Stars,Ultra Rare,2.0,5.42,5.55,6.37,351,24.0
3741,Wyrdeer V,Astral-Radiance,Ultra Rare,2.29,3.28,3.32,3.69,253,27.0
385,Lacey,Stellar-Crown,Special Illustration Rare,15.0,27.26,25.55,25.62,239,1.0
1156,Grotle,Temporal-Forces,Illustration Rare,2.5,4.56,4.44,4.48,280,0.0
4552,Full Face Guard,Evolving-Skies,Secret Rare ,3.2,5.44,8.0,5.65,189,0.0
5204,Impidimp,Shining-Fates,Shiny Rare,1.3,3.23,2.27,2.81,168,0.0
934,Sinistcha ex,Twilight-Masquerade,Ultra Rare,0.3,1.03,0.98,1.31,560,0.0
2165,Lechonk,Obsidian-Flames,Illustration Rare,0.9,2.45,2.22,2.06,523,0.0
1275,Iron Boulder ex,Temporal-Forces,Special Illustration Rare,14.99,20.38,19.54,21.12,189,0.0
2533,Chien-Pao ex,Paldea-Evolved,Special Illustration Rare,14.5,20.51,20.5,20.77,317,5.0
4858,Empoleon V,Battle-Styles,Ultra Rare,0.49,0.83,0.85,0.97,676,0.0
2541,Boss's Orders,Paldea-Evolved,Special Illustration Rare,7.5,11.39,10.49,11.34,194,950.0
3998,Galarian Zapdos V,Brilliant-Stars,Secret Rare ,5.39,9.48,9.35,9.26,350,0.0
195,Dark Patch,Lost-Origin,Secret Rare ,3.99,6.52,8.37,6.34,303,53.0
3764,Hisuian Lilligant VSTAR,Astral-Radiance,Secret Rare ,4.0,6.4,6.49,7.15,194,0.0
1651,Iron Valiant ex,Paradox-Rift,Secret Rare ,3.0,4.43,4.28,4.24,449,1.0
4568,Toy Catcher,Evolving-Skies,Secret Rare ,2.99,5.66,4.0,4.86,205,0.0
3005,Pikachu,Crown-Zenith,Secret Rare ,7.99,17.51,16.73,14.34,576,0.0
4616,Blaziken VMAX,Chilling-Reign,Ultra Rare,1.0,2.78,2.77,2.41,421,0.0
587,Palossand ex,Surging-Sparks,Ultra Rare,1.45,2.66,2.85,2.63,343,0.0
2090,Mr. Mime,151,Illustration Rare,5.0,8.91,8.61,8.48,392,0.0
5144,Toxtricity,Shining-Fates,Shiny Rare,0.75,1.17,1.07,1.3,454,0.0
3927,Granbull V,Brilliant-Stars,Ultra Rare,0.9,1.96,1.66,1.84,526,0.0
4886,Tapu Koko VMAX,Battle-Styles,Ultra Rare,1.0,2.07,2.11,1.68,423,0.0
4176,Flaaffy,Fusion-Strike,Secret Rare ,3.49,4.66,4.83,5.93,318,0.0
2606,Bellibolt ex,Paldea-Evolved,Ultra Rare,1.0,1.83,1.91,2.06,359,0.0
921,Bloodmoon Ursaluna ex,Twilight-Masquerade,Ultra Rare,1.95,3.17,3.11,3.11,435,269.0
3565,Ice Rider Calyrex VMAX,Astral-Radiance,Secret Rare ,1.0,1.85,1.84,1.81,520,0.0
112,Pikachu V,Lost-Origin,Special Illustration Rare,15.0,37.54,32.41,34.4,235,0.0
1285,Salvatore,Temporal-Forces,Special Illustration Rare,11.25,13.52,16.8,15.3,161,0.0
3030,Bibarel,Crown-Zenith,Illustration Rare,1.0,2.28,2.37,2.32,543,12.0
295,Meditite,Stellar-Crown,Illustration Rare,1.7,2.82,2.92,2.79,580,0.0
630,Cyrano,Surging-Sparks,Ultra Rare,0.88,2.26,2.06,2.21,376,3.0
3010,Rotom V,Crown-Zenith,Ultra Rare,1.99,3.3,3.21,2.98,169,213.0
131,Centiskorch VMAX,Lost-Origin,Special Illustration Rare,2.0,5.38,5.41,5.17,306,0.0
5247,Greedent,Shining-Fates,Shiny Rare,1.18,2.52,2.24,2.34,196,0.0
3834,Single Strike Urshifu VMAX,Brilliant-Stars,Secret Rare ,1.5,2.49,2.49,2.35,559,0.0
2532,Chien-Pao ex,Paldea-Evolved,Ultra Rare,3.0,4.18,4.22,4.54,412,5.0
3282,Smeargle,Silver-Tempest,Illustration Rare,0.4,1.0,1.07,1.11,859,0.0
764,Colress's Tenacity,Shrouded-Fable,Ultra Rare,2.0,3.82,3.31,4.02,363,109.0
1493,Tinkaton,Paldean-Fates,Shiny Rare,2.0,4.3,4.21,3.87,239,0.0
1549,Pawmot,Paldean-Fates,Shiny Rare,1.99,3.79,3.76,3.25,253,0.0
3730,Origin Forme Palkia VSTAR,Astral-Radiance,Secret Rare ,8.9,11.01,11.11,13.51,209,27.0
1657,Reversal Energy,Paradox-Rift,Secret Rare ,1.99,3.14,2.55,3.38,422,1.0
5085,Cinderace VMAX,Shining-Fates,Ultra Rare,0.99,1.85,1.81,1.77,423,0.0
420,Galvantula ex,Stellar-Crown,Special Illustration Rare,13.99,25.14,24.4,26.55,203,0.0
575,Latios,Surging-Sparks,Illustration Rare,22.0,29.35,29.94,32.56,309,0.0
4081,Chili & Cilan & Cress,Fusion-Strike,Ultra Rare,0.79,2.0,2.95,2.29,378,0.0
3369,Blaziken VMAX,Silver-Tempest,Special Illustration Rare,8.0,9.56,11.91,11.5,199,0.0
5220,Morgrem,Shining-Fates,Shiny Rare,1.0,3.77,4.14,3.32,164,0.0
4366,Dracozolt V,Evolving-Skies,Ultra Rare,0.3,0.68,0.78,0.97,721,0.0
1573,Drifblim,Paldean-Fates,Shiny Rare,1.5,2.88,3.08,2.75,260,0.0
590,Tatsugiri ex,Surging-Sparks,Ultra Rare,1.8,2.63,3.06,3.03,354,0.0
4476,Rayquaza V,Evolving-Skies,Ultra Rare,12.0,19.62,16.68,18.81,183,0.0
1755,Iron Jugulis,Paradox-Rift,Illustration Rare,2.1,4.13,4.29,4.03,268,0.0
1260,Salvatore,Temporal-Forces,Ultra Rare,1.0,1.76,1.6,1.66,449,0.0
806,Munkidori,Shrouded-Fable,Illustration Rare,9.0,11.01,11.17,11.4,239,68.0
5164,Bunnelby,Shining-Fates,Shiny Rare,0.38,1.0,1.0,1.09,436,0.0
3696,Shadow Rider Calyrex VMAX,Astral-Radiance,Special Illustration Rare,4.0,6.52,8.03,7.76,298,0.0
4572,Noivern V,Evolving-Skies,Ultra Rare,2.95,4.02,3.85,4.07,171,0.0
4504,Glaceon V,Evolving-Skies,Ultra Rare,7.5,18.0,18.05,16.76,112,0.0
3621,Hisuian Decidueye VSTAR,Astral-Radiance,Ultra Rare,0.5,1.33,1.44,1.29,545,0.0
3393,Sordward & Shielbert,Silver-Tempest,Ultra Rare,1.0,2.12,1.06,2.25,366,0.0
302,Crabominable,Stellar-Crown,Illustration Rare,1.45,2.55,2.32,2.35,587,0.0
3811,Houndoom,Brilliant-Stars,Illustration Rare,0.4,1.1,1.05,1.05,986,0.0
1055,Teal Mask Ogerpon ex,Twilight-Masquerade,Secret Rare ,9.99,17.75,17.82,17.6,188,207.0
3082,Duraludon VMAX,Crown-Zenith,Ultra Rare,0.49,1.37,1.31,1.26,682,0.0
4367,Jolteon VMAX,Evolving-Skies,Ultra Rare,2.0,4.94,4.93,4.71,369,0.0
3221,Metal Energy,Crown-Zenith,Ultra Rare,0.49,1.97,1.0,1.69,284,78.0
5148,Grookey,Shining-Fates,Shiny Rare,0.9,1.75,1.67,1.62,361,0.0
4751,Honey,Chilling-Reign,Ultra Rare,4.0,7.0,7.0,6.66,118,0.0
4617,Zeraora V,Chilling-Reign,Ultra Rare,0.25,1.12,0.95,1.0,764,0.0
1522,Slowbro,Paldean-Fates,Shiny Rare,1.9,4.92,5.22,5.02,221,0.0
4973,Single Strike Urshifu V,Battle-Styles,Ultra Rare,10.0,17.98,17.23,17.87,153,0.0
2077,Omanyte,151,Illustration Rare,6.49,8.74,9.14,8.7,388,0.0
3731,Hisuian Samurott V,Astral-Radiance,Ultra Rare,1.9,2.41,2.98,3.3,307,0.0
1542,Capsakid,Paldean-Fates,Shiny Rare,1.5,2.46,2.7,2.51,247,0.0
2505,Dendra,Paldea-Evolved,Ultra Rare,0.99,2.08,1.81,2.24,433,0.0
3707,Milo,Astral-Radiance,Ultra Rare,0.75,2.72,3.5,2.77,297,0.0
1059,Kieran,Twilight-Masquerade,Special Illustration Rare,22.99,27.36,25.84,24.11,202,22.0
1060,Lana's Aid,Twilight-Masquerade,Special Illustration Rare,17.95,22.27,21.49,21.35,211,0.0
2854,Miriam,Scarlet-Violet,Ultra Rare,2.5,5.45,5.11,5.34,452,0.0
3657,Hisuian Lilligant VSTAR,Astral-Radiance,Ultra Rare,1.0,1.88,1.88,1.76,418,0.0
2643,Sudowoodo,Paldea-Evolved,Illustration Rare,7.0,9.89,9.68,9.78,155,0.0
5125,Cara Liss,Shining-Fates,Ultra Rare,0.49,1.87,1.57,1.81,343,0.0
2082,Giovanni's Charisma,151,Ultra Rare,7.0,8.85,9.7,8.91,329,2.0
5239,Galarian Stunfisk,Shining-Fates,Shiny Rare,0.99,2.64,2.57,2.37,219,0.0
4249,Dancer,Fusion-Strike,Secret Rare ,2.5,4.4,4.0,4.57,196,0.0
1200,Arbok,Temporal-Forces,Illustration Rare,4.75,9.31,8.94,8.74,197,0.0
4537,Espeon V,Evolving-Skies,Ultra Rare,9.5,20.09,18.46,18.28,165,0.0
1543,Pawmo,Paldean-Fates,Shiny Rare,1.85,2.79,2.81,2.9,438,0.0
4050,Chandelure V,Fusion-Strike,Ultra Rare,0.3,0.73,0.77,0.78,984,0.0
5178,Galarian Cursola,Shining-Fates,Shiny Rare,1.5,4.72,3.68,4.02,173,0.0
216,Cook,Lost-Origin,Ultra Rare,0.99,2.19,2.0,2.23,408,0.0
2616,Quaquaval ex,Paldea-Evolved,Secret Rare ,1.0,4.67,4.58,4.78,360,0.0
315,Lileep,Stellar-Crown,Illustration Rare,0.99,2.42,2.3,2.4,559,0.0
2924,Toxicroak ex,Scarlet-Violet,Ultra Rare,0.8,1.69,2.18,2.42,423,0.0
2155,Ninetales,Obsidian-Flames,Illustration Rare,8.0,15.01,15.51,12.92,327,0.0
1681,Brute Bonnet,Paradox-Rift,Illustration Rare,2.89,4.52,4.43,4.42,207,63.0
4370,Glaceon VMAX,Evolving-Skies,Ultra Rare,2.0,3.65,3.36,3.45,414,0.0
1537,Mime Jr.,Paldean-Fates,Shiny Rare,1.99,3.11,3.06,2.9,287,0.0
4777,Galarian Zapdos V,Chilling-Reign,Ultra Rare,4.5,10.31,9.01,9.64,151,0.0
4506,Garbodor V,Evolving-Skies,Ultra Rare,2.5,3.63,3.48,3.56,206,0.0
3574,Starmie V,Astral-Radiance,Ultra Rare,0.3,1.45,1.38,1.0,837,0.0
301,Raboot,Stellar-Crown,Illustration Rare,2.5,3.73,3.65,3.79,629,0.0
1190,Eri,Temporal-Forces,Ultra Rare,1.99,3.53,5.26,4.06,436,80.0
1563,Lechonk,Paldean-Fates,Shiny Rare,2.99,4.19,4.01,4.06,208,0.0
3092,Darkrai VSTAR,Crown-Zenith,Special Illustration Rare,20.0,27.93,28.39,26.99,172,2.0
3413,Corviknight VMAX,Silver-Tempest,Special Illustration Rare,3.0,4.97,4.97,5.01,280,0.0
5245,Coalossal,Shining-Fates,Shiny Rare,1.3,1.96,2.34,2.44,185,0.0
5188,Galarian Yamask,Shining-Fates,Shiny Rare,0.95,2.76,2.62,3.0,188,0.0
4069,Greedent VMAX,Fusion-Strike,Ultra Rare,0.35,1.46,1.2,1.13,659,0.0
2830,Mabosstiff,Scarlet-Violet,Illustration Rare,2.0,3.27,3.32,3.11,332,0.0
4008,Galarian Articuno V,Brilliant-Stars,Secret Rare ,5.99,11.25,10.82,11.7,341,0.0
1419,Clive,Paldean-Fates,Special Illustration Rare,3.7,5.95,6.93,5.71,494,0.0
1558,Palafin,Paldean-Fates,Shiny Rare,1.8,2.95,3.09,3.01,295,0.0
2585,Rabsca,Paldea-Evolved,Illustration Rare,2.75,4.01,4.02,4.19,279,0.0
2157,Pidgey,Obsidian-Flames,Illustration Rare,4.5,7.79,7.82,7.44,236,211.0
3078,Zamazenta VSTAR,Crown-Zenith,Ultra Rare,0.4,1.62,1.47,1.5,528,0.0
4259,Shauna,Fusion-Strike,Secret Rare ,4.0,6.38,7.49,7.11,180,0.0
3825,Charizard VSTAR,Brilliant-Stars,Ultra Rare,3.5,6.53,5.97,6.07,505,0.0
3541,Gardevoir,Astral-Radiance,Illustration Rare,0.89,1.98,2.13,1.98,526,0.0
250,Iscan,Lost-Origin,Secret Rare ,2.0,4.29,5.0,4.95,267,0.0
3896,Acerola's Premonition,Brilliant-Stars,Ultra Rare,3.5,5.3,6.99,5.62,356,0.0
3026,Hisuian Voltorb,Crown-Zenith,Illustration Rare,0.25,1.12,1.04,1.05,816,0.0
5168,Polteageist,Shining-Fates,Shiny Rare,0.4,1.5,1.29,1.3,472,0.0
3149,Roxanne,Crown-Zenith,Special Illustration Rare,5.0,6.8,7.0,7.36,296,78.0
1855,Aegislash ex,Paradox-Rift,Ultra Rare,1.0,2.16,2.25,2.37,346,0.0
1648,Professor Turo's Scenario,Paradox-Rift,Special Illustration Rare,5.5,7.11,7.44,7.12,313,239.0
1526,Sneasel,Paldean-Fates,Shiny Rare,2.0,2.62,2.78,2.95,281,0.0
4522,Darkness Energy,Evolving-Skies,Secret Rare ,6.5,16.04,16.0,16.11,82,136.0
929,Lana's Aid,Twilight-Masquerade,Ultra Rare,1.8,2.94,2.72,2.87,488,0.0
549,Slakoth,Surging-Sparks,Illustration Rare,3.75,4.9,5.04,4.84,259,1.0
1859,Armarouge ex,Paradox-Rift,Ultra Rare,1.9,4.02,3.51,3.46,305,0.0
120,Arezu,Lost-Origin,Ultra Rare,0.5,4.15,3.18,3.93,331,0.0
3937,Flygon V,Brilliant-Stars,Ultra Rare,1.03,1.92,2.06,2.26,418,0.0
2179,Revavroom ex,Obsidian-Flames,Special Illustration Rare,1.5,2.99,3.1,2.98,601,0.0
187,Aerodactyl V,Lost-Origin,Ultra Rare,1.49,2.79,2.92,2.78,373,1.0
4566,Raihan,Evolving-Skies,Secret Rare ,3.0,6.64,15.0,11.16,166,0.0
1157,Raging Bolt ex,Temporal-Forces,Ultra Rare,3.97,6.55,6.71,7.02,352,105.0
3274,Altaria,Silver-Tempest,Illustration Rare,0.9,1.57,1.58,1.46,570,0.0
2858,Klawf,Scarlet-Violet,Illustration Rare,1.8,2.97,3.09,3.04,295,0.0
3040,Ditto,Crown-Zenith,Illustration Rare,1.0,1.73,1.69,1.56,470,1.0
939,Kieran,Twilight-Masquerade,Ultra Rare,1.99,3.15,2.9,2.96,439,22.0
238,Kyurem VMAX,Lost-Origin,Secret Rare ,3.0,8.03,7.95,8.73,256,0.0
4990,Single Strike Energy,Battle-Styles,Secret Rare ,1.99,3.72,6.98,4.9,240,0.0
309,Gulpin,Stellar-Crown,Illustration Rare,0.75,2.72,2.76,2.73,529,0.0
749,Fezandipiti ex,Shrouded-Fable,Ultra Rare,6.9,9.89,9.87,9.02,244,752.0
1198,Cinccino,Temporal-Forces,Illustration Rare,4.0,6.94,7.14,7.05,283,50.0
4100,Fire Energy,Fusion-Strike,Secret Rare ,3.1,5.14,2.99,5.11,241,303.0
2097,Daisy's Help,151,Ultra Rare,3.98,6.51,7.05,6.34,388,0.0
4194,Elesa's Sparkle,Fusion-Strike,Secret Rare ,1.99,6.39,5.0,7.09,207,0.0
5246,Cinccino,Shining-Fates,Shiny Rare,2.98,5.35,4.58,4.34,184,0.0
3305,Mawile VSTAR,Silver-Tempest,Ultra Rare,0.49,1.03,0.87,1.01,1010,0.0
5180,Clobbopus,Shining-Fates,Shiny Rare,1.1,2.22,2.46,2.5,204,0.0
2468,Frigibax,Paldea-Evolved,Illustration Rare,4.8,6.28,6.38,6.48,247,5.0
4825,Galarian Moltres V,Chilling-Reign,Ultra Rare,8.0,14.89,14.72,13.33,161,0.0
3720,Trekking Shoes,Astral-Radiance,Secret Rare ,6.5,10.66,10.95,10.36,212,122.0
586,Slaking ex,Surging-Sparks,Ultra Rare,0.99,1.78,1.89,2.05,340,1.0
705,Alolan Exeggutor ex,Surging-Sparks,Secret Rare ,14.99,20.76,22.74,22.89,143,78.0
4799,Siebold,Chilling-Reign,Ultra Rare,0.99,4.38,4.29,3.32,158,0.0
1482,Raichu,Paldean-Fates,Shiny Rare,6.4,8.69,8.42,9.21,296,0.0
3995,Arceus VSTAR,Brilliant-Stars,Secret Rare ,9.0,17.37,19.1,15.52,358,0.0
1222,Metagross,Temporal-Forces,Illustration Rare,8.0,12.45,12.46,11.64,168,0.0
3277,Druddigon,Silver-Tempest,Illustration Rare,0.55,1.13,1.19,1.19,808,0.0
3453,Alolan Vulpix V,Silver-Tempest,Ultra Rare,3.99,5.07,5.08,4.86,244,0.0
3883,Marnie's Pride,Brilliant-Stars,Ultra Rare,3.7,5.67,4.92,5.31,405,0.0
4497,Dragonite V,Evolving-Skies,Ultra Rare,7.5,17.36,21.17,15.57,143,0.0
3971,Kindler,Brilliant-Stars,Secret Rare ,0.99,2.45,4.9,2.96,411,0.0
1502,Dondozo,Paldean-Fates,Shiny Rare,2.0,3.42,3.16,3.02,267,0.0
3588,Kleavor V,Astral-Radiance,Ultra Rare,0.29,0.71,0.7,0.72,1045,0.0
26,Parasect,Lost-Origin,Illustration Rare,0.4,1.22,1.12,1.06,1039,0.0
5160,Dragapult,Shining-Fates,Shiny Rare,0.79,1.39,1.45,1.52,317,0.0
2500,Basic Grass Energy,Paldea-Evolved,Secret Rare ,4.95,6.43,5.0,7.34,204,292.0
417,Terapagos ex,Stellar-Crown,Secret Rare ,17.0,22.99,22.39,22.05,203,82.0
2794,Miraidon ex,Scarlet-Violet,Special Illustration Rare,15.0,21.95,21.05,23.11,382,23.0
2600,Skeledirge ex,Paldea-Evolved,Secret Rare ,1.0,6.2,6.12,5.23,333,0.0
5031,Single Strike Style Mustard,Battle-Styles,Secret Rare ,3.71,5.25,5.5,4.98,130,0.0
2603,Iono,Paldea-Evolved,Special Illustration Rare,14.9,39.08,32.52,35.89,345,756.0
3230,Water Energy,Crown-Zenith,Ultra Rare,0.5,2.72,1.83,2.35,256,137.0
3679,Melony,Astral-Radiance,Ultra Rare,1.5,3.81,3.25,3.56,310,0.0
2823,Spidops ex,Scarlet-Violet,Special Illustration Rare,2.0,3.45,3.44,3.39,345,0.0
2758,Basic Lightning Energy,Scarlet-Violet,Secret Rare ,2.99,4.74,5.97,4.81,318,207.0
2619,Tinkaton ex,Paldea-Evolved,Special Illustration Rare,9.98,13.87,13.95,13.55,235,0.0
3744,Hisuian Decidueye V,Astral-Radiance,Ultra Rare,0.5,2.29,2.76,2.42,326,0.0
1058,Sinistcha ex,Twilight-Masquerade,Special Illustration Rare,17.8,21.38,20.72,21.29,178,0.0
2781,Iron Treads ex,Scarlet-Violet,Special Illustration Rare,2.0,4.88,4.57,4.16,486,0.0
3154,Hisuian Samurott V,Crown-Zenith,Special Illustration Rare,6.0,8.9,9.49,9.26,322,0.0
2836,Great Tusk ex,Scarlet-Violet,Special Illustration Rare,5.0,9.0,8.26,8.75,396,0.0
4833,Shadow Rider Calyrex V,Chilling-Reign,Ultra Rare,5.0,8.38,7.42,7.37,136,0.0
245,Hisuian Zoroark VSTAR,Lost-Origin,Secret Rare ,4.5,6.31,5.77,7.52,275,0.0
896,Pinsir,Twilight-Masquerade,Illustration Rare,3.99,6.13,6.07,6.2,411,0.0
5241,Suicune,Shining-Fates,Shiny Rare,9.0,16.85,16.51,16.28,239,0.0
2540,Paldean Wooper,Paldea-Evolved,Illustration Rare,2.3,3.4,3.37,3.28,289,0.0
1565,Snover,Paldean-Fates,Shiny Rare,1.9,3.02,2.97,2.98,240,0.0
3087,Simisear VSTAR,Crown-Zenith,Ultra Rare,0.4,1.31,1.14,1.04,682,0.0
3080,Charizard VSTAR,Crown-Zenith,Ultra Rare,3.49,5.67,5.49,5.73,462,0.0
3824,Aggron V,Brilliant-Stars,Ultra Rare,0.35,0.76,0.78,0.86,1078,0.0
567,Shiinotic,Surging-Sparks,Illustration Rare,1.9,3.31,3.36,3.25,300,0.0
809,Cufant,Shrouded-Fable,Illustration Rare,4.0,5.88,5.94,6.09,299,0.0
5092,Bird Keeper,Shining-Fates,Ultra Rare,1.2,2.13,1.7,1.74,398,0.0
5161,Falinks,Shining-Fates,Shiny Rare,0.5,1.04,1.03,1.2,382,0.0
3503,Mawile VSTAR,Silver-Tempest,Secret Rare ,3.0,6.39,6.49,5.99,210,0.0
2557,Grusha,Paldea-Evolved,Special Illustration Rare,6.5,10.47,10.83,11.3,316,7.0
38,Hisuian Zoroark VSTAR,Lost-Origin,Ultra Rare,0.39,1.02,1.2,1.2,978,0.0
3765,Machamp VMAX,Astral-Radiance,Secret Rare ,8.2,10.31,10.54,10.8,184,0.0
924,Cornerstone Mask Ogerpon ex,Twilight-Masquerade,Ultra Rare,1.9,3.23,3.42,3.41,403,69.0
3738,Origin Forme Dialga VSTAR,Astral-Radiance,Secret Rare ,8.2,10.54,10.16,12.91,261,9.0
4811,Klara,Chilling-Reign,Ultra Rare,5.9,19.48,24.89,17.42,161,0.0
780,Janine's Secret Art,Shrouded-Fable,Ultra Rare,1.99,3.46,2.79,3.03,489,0.0
3084,Zeraora VMAX,Crown-Zenith,Ultra Rare,0.6,1.61,1.8,1.92,432,0.0
5230,Carkol,Shining-Fates,Shiny Rare,1.3,1.76,1.62,1.85,198,0.0
5236,Indeedee,Shining-Fates,Shiny Rare,1.49,1.98,2.04,2.34,203,0.0
4467,Flareon V,Evolving-Skies,Ultra Rare,7.5,18.59,17.74,18.51,162,0.0
4321,Chandelure VMAX,Fusion-Strike,Secret Rare ,3.99,6.82,7.21,6.74,175,0.0
2802,Drowzee,Scarlet-Violet,Illustration Rare,10.0,18.02,18.45,17.19,179,0.0
4368,Sylveon VMAX,Evolving-Skies,Ultra Rare,2.5,5.67,6.27,5.08,250,0.0
1849,Altaria ex,Paradox-Rift,Ultra Rare,2.2,3.84,3.22,3.49,304,0.0
2553,Meowscarada ex,Paldea-Evolved,Ultra Rare,1.99,2.86,3.16,3.13,356,0.0
2100,Kangaskhan ex,151,Ultra Rare,10.31,15.6,15.12,14.87,326,0.0
4508,Metal Energy,Evolving-Skies,Secret Rare ,5.9,10.88,10.0,11.16,127,78.0
537,Vibrava,Surging-Sparks,Illustration Rare,1.0,2.84,2.96,3.1,377,0.0
3272,Lugia VSTAR,Silver-Tempest,Ultra Rare,3.25,5.44,5.35,5.89,752,54.0
3278,Malamar,Silver-Tempest,Illustration Rare,0.25,0.86,0.84,0.85,1402,0.0
2501,Sprigatito,Paldea-Evolved,Illustration Rare,6.5,11.84,11.43,11.24,240,0.0
4820,Urn of Vitality,Chilling-Reign,Secret Rare ,3.0,4.82,3.99,4.5,163,0.0
2513,Floragato,Paldea-Evolved,Illustration Rare,4.0,7.18,7.2,7.35,229,0.0
1011,Teal Mask Ogerpon ex,Twilight-Masquerade,Special Illustration Rare,19.95,24.72,24.16,24.03,198,256.0
5190,Thievul,Shining-Fates,Shiny Rare,1.44,1.96,2.37,2.39,197,0.0
1582,Tatsugiri,Paldean-Fates,Shiny Rare,2.0,3.68,3.55,3.41,225,0.0
4048,Gengar VMAX,Fusion-Strike,Ultra Rare,7.5,10.0,9.66,9.41,203,0.0
3922,Mimikyu VMAX,Brilliant-Stars,Special Illustration Rare,11.0,18.62,15.61,14.48,198,0.0
4741,Psychic Energy,Chilling-Reign,Secret Rare ,5.0,10.27,7.94,9.45,141,140.0
4047,Gengar V,Fusion-Strike,Ultra Rare,0.99,2.07,2.16,2.04,455,0.0
5028,Necrozma V,Battle-Styles,Ultra Rare,2.0,4.04,4.36,4.75,183,0.0
3759,Heatran VMAX,Astral-Radiance,Secret Rare ,3.99,7.4,7.79,7.76,162,0.0
2633,Chien-Pao ex,Paldea-Evolved,Secret Rare ,3.49,6.64,6.69,7.0,326,7.0
1577,Paldean Tauros,Paldean-Fates,Shiny Rare,1.65,3.35,3.58,3.34,192,0.0
4968,Mimikyu V,Battle-Styles,Ultra Rare,4.99,8.17,7.99,8.2,128,0.0
3086,Rayquaza VMAX,Crown-Zenith,Ultra Rare,2.0,3.45,3.59,3.4,286,0.0
3259,Regidrago VSTAR,Silver-Tempest,Ultra Rare,4.4,8.48,8.75,7.97,395,162.0
2151,Gloom,Obsidian-Flames,Illustration Rare,3.39,5.49,5.08,4.8,295,0.0
535,Hydreigon ex,Surging-Sparks,Ultra Rare,5.0,6.23,6.53,7.08,331,5.0
4791,Galarian Rapidash V,Chilling-Reign,Ultra Rare,2.0,8.78,7.78,8.21,132,0.0
4767,Fog Crystal,Chilling-Reign,Secret Rare ,4.9,6.28,5.95,5.55,198,0.0
577,Pikachu ex,Surging-Sparks,Ultra Rare,18.0,25.52,25.56,24.84,211,63.0
2666,Rookidee,Paldea-Evolved,Illustration Rare,3.25,5.01,5.13,5.21,206,0.0
1382,Iono,Paldean-Fates,Special Illustration Rare,14.99,17.16,17.53,17.19,424,756.0
2581,Giacomo,Paldea-Evolved,Special Illustration Rare,2.75,4.05,3.82,3.76,372,18.0
3502,Worker,Silver-Tempest,Secret Rare ,4.0,6.51,7.98,6.77,216,8.0
3077,Lumineon V,Crown-Zenith,Special Illustration Rare,9.4,12.3,13.1,11.61,246,333.0
4912,Korrina's Focus,Battle-Styles,Ultra Rare,2.5,5.32,3.93,5.6,244,0.0
1653,Altaria ex,Paradox-Rift,Special Illustration Rare,23.99,31.4,30.17,30.31,194,0.0
1507,Ceruledge,Paldean-Fates,Shiny Rare,2.0,3.39,3.36,3.63,242,0.0
3290,Rayquaza VMAX,Silver-Tempest,Secret Rare ,4.0,5.82,5.5,5.72,462,0.0
3210,Lightning Energy,Crown-Zenith,Ultra Rare,0.6,2.12,1.0,2.26,257,242.0
1861,Espathra,Paradox-Rift,Illustration Rare,3.5,5.48,5.22,5.85,188,0.0
285,Medicham ex,Stellar-Crown,Ultra Rare,0.25,1.18,1.15,1.06,809,0.0
5009,Cheryl,Battle-Styles,Secret Rare ,4.99,8.64,4.98,8.19,157,0.0
1776,Plusle,Paradox-Rift,Illustration Rare,7.5,12.8,11.38,10.86,122,0.0
3479,Omastar V,Silver-Tempest,Ultra Rare,1.89,2.24,2.69,2.94,343,0.0
2510,Slowking ex,Paldea-Evolved,Ultra Rare,1.5,3.11,3.06,2.84,408,0.0
303,Galvantula ex,Stellar-Crown,Ultra Rare,1.49,2.43,2.25,2.51,539,0.0
4380,Golurk V,Evolving-Skies,Ultra Rare,0.39,0.75,0.8,0.94,897,0.0
1523,Shinx,Paldean-Fates,Shiny Rare,1.99,5.3,4.92,4.3,215,0.0
2479,Giacomo,Paldea-Evolved,Ultra Rare,0.8,1.69,2.05,1.67,510,18.0
3770,Kamado,Astral-Radiance,Secret Rare ,4.0,5.99,6.25,5.85,139,0.0
2084,Tangela,151,Illustration Rare,7.0,9.76,9.42,9.16,353,0.0
3701,Zamazenta V,Astral-Radiance,Special Illustration Rare,3.5,6.17,6.99,7.14,244,0.0
5191,Galarian Meowth,Shining-Fates,Shiny Rare,1.49,3.06,3.04,3.24,204,0.0
2576,Falkner,Paldea-Evolved,Ultra Rare,0.95,1.56,1.54,1.38,525,0.0
1652,Luxurious Cape,Paradox-Rift,Secret Rare ,2.0,3.04,2.65,3.24,387,28.0
4573,Gyarados VMAX,Evolving-Skies,Secret Rare ,16.99,24.06,25.78,22.24,152,0.0
1284,Eri,Temporal-Forces,Special Illustration Rare,10.0,16.97,14.93,16.66,208,80.0
150,Orbeetle VMAX,Lost-Origin,Special Illustration Rare,3.99,5.26,5.43,5.5,341,0.0
5221,Rookidee,Shining-Fates,Shiny Rare,0.99,3.5,3.04,3.48,171,0.0
5149,Galarian Zigzagoon,Shining-Fates,Shiny Rare,0.74,1.26,1.11,1.65,383,0.0
5029,Flapple VMAX,Battle-Styles,Secret Rare ,6.5,17.2,17.7,11.76,131,0.0
4318,Chili & Cilan & Cress,Fusion-Strike,Secret Rare ,2.99,5.97,7.25,6.44,192,0.0
1488,Electrode,Paldean-Fates,Shiny Rare,2.4,3.66,3.63,3.46,218,0.0
1497,Dodrio,Paldean-Fates,Shiny Rare,2.0,3.68,3.6,3.65,234,0.0
4749,Celebi V,Chilling-Reign,Ultra Rare,4.0,6.2,6.31,5.07,202,0.0
3962,Roseanne's Backup,Brilliant-Stars,Secret Rare ,1.19,3.34,7.75,3.81,415,14.0
1758,Professor Turo's Scenario,Paradox-Rift,Ultra Rare,3.5,4.68,5.48,4.76,268,239.0
4277,Mew VMAX,Fusion-Strike,Secret Rare ,29.38,36.37,44.5,42.81,158,0.0
5195,Dottler,Shining-Fates,Shiny Rare,1.0,1.83,2.36,2.1,192,0.0
3752,Roxanne,Astral-Radiance,Secret Rare ,4.0,8.56,7.75,8.61,171,76.0
536,Alolan Dugtrio,Surging-Sparks,Illustration Rare,3.09,4.05,4.3,4.62,405,0.0
1015,Luminous Energy,Twilight-Masquerade,Secret Rare ,4.99,6.97,6.25,6.93,198,9.0
1219,Iron Leaves ex,Temporal-Forces,Ultra Rare,0.89,2.21,2.07,2.13,587,0.0
1569,Jumpluff,Paldean-Fates,Shiny Rare,1.99,3.19,3.19,2.99,264,0.0
2514,Superior Energy Retrieval,Paldea-Evolved,Secret Rare ,1.9,5.4,6.43,5.73,333,152.0
3492,Lance,Silver-Tempest,Ultra Rare,2.99,4.91,4.32,4.65,300,0.0
2171,Basic Fire Energy,Obsidian-Flames,Secret Rare ,1.89,4.25,4.95,4.57,495,324.0
3032,Turtwig,Crown-Zenith,Illustration Rare,1.0,2.35,2.35,1.88,446,0.0
2614,Tinkatuff,Paldea-Evolved,Illustration Rare,3.95,6.62,6.86,6.47,188,0.0
49,Pikachu VMAX,Lost-Origin,Secret Rare ,5.0,7.76,7.95,7.23,577,0.0
2489,Skeledirge ex,Paldea-Evolved,Special Illustration Rare,9.15,15.23,14.3,14.3,241,0.0
2196,Ortega,Obsidian-Flames,Ultra Rare,0.75,1.47,1.46,1.45,717,0.0
1782,Shauntal,Paradox-Rift,Ultra Rare,1.0,2.47,2.41,2.53,442,0.0
5024,Tapu Koko VMAX,Battle-Styles,Secret Rare ,6.0,7.83,7.72,8.14,162,0.0
247,Galarian Perrserker V,Lost-Origin,Ultra Rare,9.5,17.81,16.14,19.58,225,0.0
3299,Alolan Vulpix VSTAR,Silver-Tempest,Ultra Rare,0.85,1.38,1.49,1.55,654,0.0
2544,Noivern ex,Paldea-Evolved,Ultra Rare,1.44,2.41,2.4,2.42,342,13.0
2804,Koraidon ex,Scarlet-Violet,Secret Rare ,3.9,6.33,6.04,6.4,552,0.0
3727,Allister,Astral-Radiance,Ultra Rare,2.3,4.25,4.38,4.37,244,0.0
3505,Lance,Silver-Tempest,Secret Rare ,2.0,7.09,6.0,6.74,191,0.0
2079,Machoke,151,Illustration Rare,9.0,12.26,11.88,11.36,341,0.0
927,Teal Mask Ogerpon ex,Twilight-Masquerade,Ultra Rare,6.0,8.75,9.1,9.36,363,256.0
4562,Gordie,Evolving-Skies,Secret Rare ,3.0,4.75,3.0,5.17,171,0.0
946,Lucian,Twilight-Masquerade,Ultra Rare,0.65,1.37,0.75,1.32,560,0.0
3415,Gordie,Silver-Tempest,Ultra Rare,1.0,1.93,1.16,1.82,415,0.0
4792,Blissey V,Chilling-Reign,Ultra Rare,12.0,25.18,28.35,24.78,139,0.0
1305,Iron Crown ex,Temporal-Forces,Secret Rare ,10.0,13.1,13.29,13.27,156,0.0
884,Torkoal,Twilight-Masquerade,Illustration Rare,1.4,2.26,2.33,2.33,500,0.0
115,Enamorus V,Lost-Origin,Special Illustration Rare,3.99,5.02,5.13,5.56,290,0.0
4437,Sylveon V,Evolving-Skies,Ultra Rare,6.0,12.67,16.38,17.18,147,0.0
814,Fraxure,Shrouded-Fable,Illustration Rare,4.25,6.3,6.17,6.08,245,0.0
1467,Kingambit,Paldean-Fates,Shiny Rare,1.79,3.02,2.9,2.82,284,0.0
3261,Radiant Alakazam,Silver-Tempest,Ultra Rare,0.29,1.01,1.04,1.14,1240,41.0
13,Hisuian Arcanine,Lost-Origin,Illustration Rare,0.5,1.31,1.34,1.24,914,0.0
4822,Galarian Slowking V,Chilling-Reign,Ultra Rare,3.35,4.23,5.16,5.78,145,0.0
4083,Genesect V,Fusion-Strike,Ultra Rare,7.0,16.83,16.85,15.4,252,0.0
4760,Karen's Conviction,Chilling-Reign,Ultra Rare,7.0,10.43,10.0,10.36,150,0.0
1491,Luxio,Paldean-Fates,Shiny Rare,1.99,3.78,3.6,3.62,241,0.0
5243,Morpeko,Shining-Fates,Shiny Rare,2.99,4.79,3.66,4.42,171,0.0
950,Blissey ex,Twilight-Masquerade,Ultra Rare,1.9,2.72,2.82,2.67,438,0.0
5214,Galarian Linoone,Shining-Fates,Shiny Rare,1.3,2.24,2.59,2.68,179,0.0
1531,Charmeleon,Paldean-Fates,Shiny Rare,11.5,15.71,16.45,15.12,249,111.0
2572,Nacli,Paldea-Evolved,Illustration Rare,3.0,3.72,3.97,3.75,238,0.0
1056,Bloodmoon Ursaluna ex,Twilight-Masquerade,Secret Rare ,10.0,12.21,12.18,13.0,224,207.0
1470,Primeape,Paldean-Fates,Shiny Rare,2.4,3.63,3.7,3.74,247,0.0
20,Charizard,Lost-Origin,Illustration Rare,4.95,7.23,6.9,6.63,635,0.0
4536,Trevenant V,Evolving-Skies,Ultra Rare,2.5,4.62,4.82,4.38,179,0.0
1818,Roark,Paradox-Rift,Ultra Rare,0.5,1.8,1.0,2.04,410,0.0
3021,Manaphy,Crown-Zenith,Illustration Rare,1.99,3.98,3.94,3.92,403,177.0
4772,Volcanion V,Chilling-Reign,Ultra Rare,1.65,3.01,2.9,2.61,241,0.0
4827,Sandaconda VMAX,Chilling-Reign,Secret Rare ,3.5,7.31,7.6,6.32,133,0.0
3072,Suicune V,Crown-Zenith,Special Illustration Rare,13.95,31.7,30.34,29.77,303,0.0
1550,Mankey,Paldean-Fates,Shiny Rare,2.99,4.25,4.19,4.3,245,0.0
3708,Piers,Astral-Radiance,Ultra Rare,2.0,3.64,3.67,3.53,312,0.0
1853,Aipom,Paradox-Rift,Illustration Rare,2.9,4.82,4.92,4.57,212,0.0
2788,Fidough,Scarlet-Violet,Illustration Rare,2.0,4.0,3.91,4.07,252,0.0
1512,Doduo,Paldean-Fates,Shiny Rare,2.75,3.74,3.9,3.82,228,0.0
3920,Kindler,Brilliant-Stars,Ultra Rare,0.75,1.44,1.0,1.66,484,0.0
1837,Tsareena ex,Paradox-Rift,Ultra Rare,2.45,4.2,4.06,3.93,308,0.0
4559,Boost Shake,Evolving-Skies,Secret Rare ,1.49,4.3,4.38,4.97,195,0.0
3024,Kyogre V,Crown-Zenith,Ultra Rare,0.3,1.28,1.16,1.1,1156,0.0
54,Mew VMAX,Lost-Origin,Secret Rare ,4.99,6.74,6.84,7.0,488,0.0
3485,Serperior VSTAR,Silver-Tempest,Secret Rare ,2.8,3.71,4.81,6.5,349,0.0
3739,Virizion V,Astral-Radiance,Ultra Rare,1.0,3.2,2.78,3.13,299,0.0
4783,Metagross VMAX,Chilling-Reign,Secret Rare ,7.0,10.68,11.07,9.84,112,0.0
4463,Aroma Lady,Evolving-Skies,Ultra Rare,8.99,12.57,14.99,12.61,165,0.0
5189,Sandaconda,Shining-Fates,Shiny Rare,1.2,1.72,2.27,2.52,235,0.0
1536,Paldean Tauros,Paldean-Fates,Shiny Rare,1.5,2.77,3.19,2.92,261,0.0
3694,Double Turbo Energy,Astral-Radiance,Secret Rare ,8.99,12.61,14.98,11.73,140,187.0
4607,Shadow Rider Calyrex VMAX,Chilling-Reign,Ultra Rare,0.59,1.25,1.34,1.11,1040,0.0
3737,Zisu,Astral-Radiance,Ultra Rare,1.4,2.49,2.1,2.6,321,0.0
4816,Shadow Rider Calyrex V,Chilling-Reign,Ultra Rare,15.0,35.92,34.37,32.17,129,0.0
3038,Paras,Crown-Zenith,Illustration Rare,0.65,1.49,1.53,1.49,583,0.0
3028,Diancie,Crown-Zenith,Illustration Rare,0.4,1.32,1.14,1.21,783,0.0
36,Hisuian Goodra VSTAR,Lost-Origin,Ultra Rare,0.29,1.21,1.14,1.18,1047,103.0
237,Fantina,Lost-Origin,Secret Rare ,3.0,4.53,3.79,3.88,273,0.0
179,Rotom V,Lost-Origin,Ultra Rare,4.8,6.62,6.54,6.41,178,193.0
2563,Tinkaton ex,Paldea-Evolved,Ultra Rare,2.49,4.39,4.58,4.48,286,0.0
1468,Miraidon ex,Paldean-Fates,Secret Rare ,7.9,10.76,10.98,11.18,301,24.0
552,Feebas,Surging-Sparks,Illustration Rare,4.85,7.22,7.26,7.19,228,0.0
5222,Blipbug,Shining-Fates,Shiny Rare,1.2,1.96,2.28,2.27,179,0.0
2573,Grafaiai,Paldea-Evolved,Illustration Rare,3.0,4.09,4.16,4.6,290,0.0
3280,Rockruff,Silver-Tempest,Illustration Rare,0.39,1.24,1.14,1.16,826,0.0
1047,Hearthflame Mask Ogerpon ex,Twilight-Masquerade,Special Illustration Rare,12.0,16.06,16.22,16.75,228,0.0
1781,Cyclizar,Paradox-Rift,Illustration Rare,1.99,3.02,3.3,3.22,321,0.0
2780,Banette ex,Scarlet-Violet,Ultra Rare,1.6,3.58,4.13,3.76,265,6.0
1756,Mantyke,Paradox-Rift,Illustration Rare,3.5,6.32,6.48,5.84,190,0.0
707,Durant ex,Surging-Sparks,Special Illustration Rare,15.0,25.74,26.42,22.18,88,3.0
4719,Liepard V,Chilling-Reign,Ultra Rare,0.9,2.94,2.75,2.99,235,0.0
3457,Unown V,Silver-Tempest,Ultra Rare,9.9,20.07,20.36,20.93,282,0.0
3549,Kleavor,Astral-Radiance,Illustration Rare,0.35,1.4,1.33,1.32,606,0.0
5184,Duraludon,Shining-Fates,Shiny Rare,1.5,4.4,3.49,3.22,186,0.0
641,Drasna,Surging-Sparks,Ultra Rare,1.1,2.88,2.34,2.38,398,0.0
4088,Hoopa V,Fusion-Strike,Ultra Rare,1.0,2.36,2.28,2.13,378,0.0
1548,Toxtricity,Paldean-Fates,Shiny Rare,2.0,3.13,3.39,3.11,293,0.0
5198,Drizzile,Shining-Fates,Shiny Rare,2.95,3.97,4.44,4.4,228,0.0
2888,Spidops ex,Scarlet-Violet,Ultra Rare,0.5,1.43,1.54,1.54,540,0.0
159,Delphox V,Lost-Origin,Ultra Rare,1.7,2.67,2.56,2.65,369,11.0
3102,Melony,Crown-Zenith,Special Illustration Rare,1.6,4.72,4.69,4.5,411,0.0
4164,Inteleon VMAX,Fusion-Strike,Secret Rare ,19.99,23.67,28.0,45.52,162,0.0
1484,Arboliva,Paldean-Fates,Shiny Rare,1.6,2.72,2.91,2.39,259,0.0
3846,Aggron VMAX,Brilliant-Stars,Ultra Rare,0.3,1.8,1.79,1.51,574,0.0
2813,Dolliv,Scarlet-Violet,Illustration Rare,2.0,4.11,4.43,4.04,265,0.0
4092,Sandaconda V,Fusion-Strike,Ultra Rare,1.75,5.32,5.69,4.96,368,0.0
2105,Ninetales ex,151,Ultra Rare,15.0,20.36,19.85,20.62,299,0.0
27,Chandelure,Lost-Origin,Illustration Rare,0.47,1.1,0.98,0.98,1058,0.0
4528,Dracozolt V,Evolving-Skies,Ultra Rare,2.5,4.55,4.25,4.03,196,0.0
3287,Flaaffy,Silver-Tempest,Illustration Rare,0.75,1.21,1.26,1.25,718,0.0
872,Enamorus,Twilight-Masquerade,Illustration Rare,1.5,2.34,2.32,2.03,482,0.0
4759,Doctor,Chilling-Reign,Ultra Rare,4.97,7.21,4.95,6.95,121,0.0
3271,Gardevoir,Silver-Tempest,Illustration Rare,0.7,1.79,1.78,1.69,555,0.0
4813,Shadow Rider Calyrex VMAX,Chilling-Reign,Secret Rare ,6.99,11.89,12.33,9.41,108,0.0
4997,Stoutland V,Battle-Styles,Ultra Rare,1.5,3.64,3.53,3.71,182,0.0
3803,Zekrom,Brilliant-Stars,Illustration Rare,1.99,5.35,5.51,4.98,339,0.0
2925,Skwovet,Scarlet-Violet,Illustration Rare,2.49,3.95,3.5,3.69,280,0.0
4489,Gyarados V,Evolving-Skies,Ultra Rare,5.0,12.37,9.35,10.47,158,0.0
3663,Beedrill V,Astral-Radiance,Ultra Rare,17.9,36.34,36.56,30.95,182,0.0
4826,Blaziken VMAX,Chilling-Reign,Secret Rare ,10.0,22.95,22.43,19.67,85,0.0
2851,Riolu,Scarlet-Violet,Illustration Rare,5.0,10.49,9.58,9.62,159,0.0
4531,Raihan,Evolving-Skies,Ultra Rare,4.3,5.85,5.0,5.64,192,0.0
3670,Galarian Zapdos V,Astral-Radiance,Special Illustration Rare,4.5,8.46,9.31,8.44,276,0.0
2656,Dudunsparce,Paldea-Evolved,Illustration Rare,2.9,4.11,4.32,4.29,264,0.0
5080,Dhelmise VMAX,Shining-Fates,Ultra Rare,0.4,1.57,1.61,1.32,632,0.0
4836,Welcoming Lantern,Chilling-Reign,Secret Rare ,1.98,4.39,5.5,5.11,160,0.0
1495,Snorlax,Paldean-Fates,Shiny Rare,8.0,10.76,10.92,11.73,221,0.0
1824,Mela,Paradox-Rift,Ultra Rare,2.0,3.85,3.18,3.67,348,8.0
3815,Oranguru,Brilliant-Stars,Illustration Rare,0.35,1.01,0.94,1.01,1050,0.0
1460,Ralts,Paldean-Fates,Shiny Rare,3.0,4.79,5.07,4.97,196,2.0
1199,Relicanth,Temporal-Forces,Illustration Rare,2.99,4.78,4.66,4.33,289,10.0
1516,Noibat,Paldean-Fates,Shiny Rare,2.69,3.87,3.92,3.81,220,6.0
5030,Bruno,Battle-Styles,Secret Rare ,3.5,6.22,12.89,6.84,159,0.0
3045,Magmortar,Crown-Zenith,Illustration Rare,1.29,2.54,2.38,2.37,318,0.0
3919,Barry,Brilliant-Stars,Ultra Rare,0.75,1.9,1.38,1.79,450,0.0
4677,Blaziken V,Chilling-Reign,Ultra Rare,3.5,6.51,6.55,5.29,198,0.0
2465,Baxcalibur,Paldea-Evolved,Illustration Rare,6.0,8.85,8.29,8.86,213,5.0
2763,Armarouge,Scarlet-Violet,Illustration Rare,4.0,6.86,6.84,6.75,206,0.0
788,Okidogi,Shrouded-Fable,Illustration Rare,5.0,6.7,6.46,6.9,305,0.0
3430,Duraludon VMAX,Silver-Tempest,Special Illustration Rare,3.99,7.43,7.22,7.53,215,0.0
5083,Cinderace V,Shining-Fates,Ultra Rare,0.25,0.94,0.73,0.89,966,0.0
3098,Friends in Hisui,Crown-Zenith,Ultra Rare,3.0,5.31,5.2,5.26,443,0.0
1245,Reuniclus,Temporal-Forces,Illustration Rare,2.75,4.29,4.53,4.6,300,0.0
2618,Tyranitar,Paldea-Evolved,Illustration Rare,19.99,27.84,27.23,27.94,217,0.0
593,Appletun,Surging-Sparks,Illustration Rare,2.4,3.68,3.64,3.62,260,0.0
634,Surfer,Surging-Sparks,Ultra Rare,0.99,2.23,2.28,1.9,399,3.0
4809,Siebold,Chilling-Reign,Secret Rare ,4.0,5.74,5.5,7.55,121,0.0
527,Latias ex,Surging-Sparks,Ultra Rare,4.0,5.62,6.24,6.76,317,83.0
4790,Ice Rider Calyrex V,Chilling-Reign,Ultra Rare,3.49,5.9,6.36,6.4,154,0.0
3023,Swablu,Crown-Zenith,Illustration Rare,0.71,1.41,1.41,1.27,608,0.0
2111,Arbok ex,151,Ultra Rare,11.89,14.97,14.4,15.37,319,0.0
4475,Medicham V,Evolving-Skies,Ultra Rare,12.0,17.21,15.15,16.45,185,0.0
2580,Heracross,Paldea-Evolved,Illustration Rare,10.0,12.13,12.49,13.66,179,0.0
4369,Flareon VMAX,Evolving-Skies,Ultra Rare,2.5,6.93,6.79,5.27,258,0.0
4765,Echoing Horn,Chilling-Reign,Secret Rare ,2.9,4.03,4.0,4.3,171,0.0
3053,Eevee V,Crown-Zenith,Ultra Rare,0.25,1.91,2.29,2.29,523,0.0
2175,Pidgeotto,Obsidian-Flames,Illustration Rare,2.45,4.38,4.28,4.24,448,0.0
584,Kecleon,Surging-Sparks,Illustration Rare,3.0,4.8,4.42,4.38,281,0.0
3767,Origin Forme Dialga VSTAR,Astral-Radiance,Secret Rare ,10.0,14.85,15.49,15.36,157,9.0
5229,Galarian Farfetch'd,Shining-Fates,Shiny Rare,1.7,4.54,3.98,3.66,169,0.0
1555,Rabsca,Paldean-Fates,Shiny Rare,1.0,2.19,2.4,2.17,295,0.0
3039,Poochyena,Crown-Zenith,Illustration Rare,0.7,1.37,1.38,1.24,662,0.0
3104,Zeraora VSTAR,Crown-Zenith,Ultra Rare,0.5,1.7,1.76,2.08,436,0.0
1774,Yveltal,Paradox-Rift,Illustration Rare,8.0,11.48,12.09,12.52,184,0.0
3156,Adaman,Crown-Zenith,Special Illustration Rare,2.99,4.77,8.58,5.52,360,0.0
4122,Tsareena V,Fusion-Strike,Ultra Rare,0.89,1.58,1.64,1.88,478,0.0
3872,Raichu V,Brilliant-Stars,Ultra Rare,3.0,5.09,5.36,5.28,281,17.0
4803,Klara,Chilling-Reign,Secret Rare ,5.85,6.58,6.5,6.35,183,0.0
1845,Ferrothorn,Paradox-Rift,Illustration Rare,2.1,4.36,4.21,3.8,272,0.0
873,Cramorant,Twilight-Masquerade,Illustration Rare,1.0,1.88,1.94,1.92,620,0.0
784,Okidogi ex,Shrouded-Fable,Ultra Rare,0.7,2.69,2.64,2.57,504,0.0
1862,Morpeko,Paradox-Rift,Illustration Rare,6.95,11.02,11.67,10.9,173,2.0
236,Miss Fortune Sisters,Lost-Origin,Secret Rare ,2.0,4.96,5.95,5.55,233,60.0
1520,Rellor,Paldean-Fates,Shiny Rare,1.8,2.93,3.09,2.9,268,0.0
1533,Kilowattrel,Paldean-Fates,Shiny Rare,2.0,3.13,3.01,2.79,261,0.0
3381,Friends in Galar,Silver-Tempest,Ultra Rare,2.0,5.72,4.6,5.39,408,0.0
2093,Bill's Transfer,151,Ultra Rare,4.7,7.45,8.37,7.36,354,0.0
3983,Cheren's Care,Brilliant-Stars,Ultra Rare,1.0,1.87,1.79,1.84,436,0.0
3546,Abomasnow,Astral-Radiance,Illustration Rare,0.45,1.26,1.26,1.2,699,0.0
2773,Rare Candy,Scarlet-Violet,Secret Rare ,5.0,9.81,8.04,9.43,287,251.0
4137,Power Tablet,Fusion-Strike,Secret Rare ,1.79,2.71,2.2,2.95,354,0.0
1546,Weavile,Paldean-Fates,Shiny Rare,1.49,3.68,2.83,3.02,261,0.0
794,Duskull,Shrouded-Fable,Illustration Rare,15.99,17.8,17.72,17.1,180,147.0
3232,Fighting Energy,Crown-Zenith,Ultra Rare,0.8,2.2,1.5,2.26,236,165.0
3076,Regigigas VSTAR,Crown-Zenith,Ultra Rare,0.75,1.29,1.24,1.32,480,0.0
3627,Machamp VMAX,Astral-Radiance,Ultra Rare,0.9,3.04,3.04,2.58,420,0.0
305,Milcery,Stellar-Crown,Illustration Rare,1.0,2.59,2.56,2.45,553,0.0
4046,Mew VMAX,Fusion-Strike,Ultra Rare,1.95,3.32,3.67,3.36,1162,0.0
2494,Clavell,Paldea-Evolved,Ultra Rare,0.49,1.17,1.16,1.15,507,0.0
5176,Appletun,Shining-Fates,Shiny Rare,1.9,3.01,3.11,2.93,169,0.0
3933,Single Strike Urshifu VMAX,Brilliant-Stars,Special Illustration Rare,3.0,4.99,5.69,5.6,306,0.0
1236,Excadrill,Temporal-Forces,Illustration Rare,2.0,3.74,3.65,3.68,287,0.0
5200,Galarian Corsola,Shining-Fates,Shiny Rare,1.0,3.12,2.15,3.22,178,0.0
1039,Cornerstone Mask Ogerpon ex,Twilight-Masquerade,Special Illustration Rare,14.0,16.78,16.74,17.44,194,69.0
3188,Grant,Crown-Zenith,Special Illustration Rare,1.85,3.03,3.43,3.58,372,2.0
2109,Mew ex,151,Ultra Rare,22.0,26.91,32.38,25.97,307,212.0
2860,Tarountula,Scarlet-Violet,Illustration Rare,2.99,3.83,3.74,3.83,258,0.0
807,Cresselia,Shrouded-Fable,Illustration Rare,8.3,10.97,11.39,11.77,278,0.0
3735,Starmie V,Astral-Radiance,Ultra Rare,1.9,3.52,4.18,4.0,305,0.0
2101,Erika's Invitation,151,Special Illustration Rare,16.99,20.66,18.96,20.85,434,33.0
5068,Crobat V,Shining-Fates,Ultra Rare,0.25,0.76,0.69,0.87,805,0.0
1465,Entei,Paldean-Fates,Shiny Rare,7.99,9.26,9.45,9.72,262,0.0
240,Drapion VSTAR,Lost-Origin,Secret Rare ,3.8,6.02,5.76,5.72,262,0.0
2519,Quaxwell,Paldea-Evolved,Illustration Rare,2.5,4.42,4.34,4.15,274,0.0
4172,Greedent V,Fusion-Strike,Ultra Rare,6.9,10.99,11.11,10.47,265,0.0
942,Magcargo ex,Twilight-Masquerade,Ultra Rare,0.95,1.76,1.74,1.74,463,0.0
3585,Hisuian Sneasler V,Astral-Radiance,Ultra Rare,0.3,0.81,0.84,0.79,800,0.0
2162,Pidgeot ex,Obsidian-Flames,Special Illustration Rare,8.3,13.06,13.23,12.77,314,211.0
826,Pecharunt ex,Shrouded-Fable,Secret Rare ,12.0,30.99,33.79,29.39,77,92.0
815,Fezandipiti,Shrouded-Fable,Illustration Rare,4.99,6.82,6.35,6.92,307,0.0
4582,Leafeon VMAX,Evolving-Skies,Secret Rare ,10.0,30.53,28.77,31.83,122,0.0
3161,Deoxys VMAX,Crown-Zenith,Special Illustration Rare,9.39,17.71,18.11,14.32,237,0.0
314,Lapras ex,Stellar-Crown,Ultra Rare,3.0,4.89,4.8,4.64,517,0.0
981,Buddy-Buddy Poffin,Twilight-Masquerade,Secret Rare ,16.0,21.37,22.37,20.79,206,324.0
4299,Boltund VMAX,Fusion-Strike,Secret Rare ,4.0,7.94,7.48,7.19,181,0.0
3908,Sylveon VMAX,Brilliant-Stars,Special Illustration Rare,15.99,31.97,27.5,26.72,218,0.0
316,Zeraora,Stellar-Crown,Illustration Rare,4.0,6.29,6.31,6.84,522,0.0
3753,Hisuian Typhlosion VSTAR,Astral-Radiance,Secret Rare ,6.5,11.52,10.51,10.99,170,0.0
5215,Nickit,Shining-Fates,Shiny Rare,1.49,3.57,4.19,3.65,169,0.0
2499,Saguaro,Paldea-Evolved,Ultra Rare,0.7,1.33,1.19,1.31,557,0.0
4739,Avery,Chilling-Reign,Ultra Rare,2.99,3.83,2.99,3.51,256,0.0
3073,Leafeon VSTAR,Crown-Zenith,Ultra Rare,1.0,1.65,1.67,1.92,490,0.0
3048,Lapras,Crown-Zenith,Illustration Rare,2.9,4.6,4.8,4.51,300,0.0
4969,Single Strike Style Mustard,Battle-Styles,Ultra Rare,1.49,2.87,1.75,2.87,270,0.0
4077,Elesa's Sparkle,Fusion-Strike,Ultra Rare,1.9,3.42,3.82,3.59,369,0.0
5124,Eternatus V,Shining-Fates,Secret Rare ,2.0,4.14,4.11,4.9,416,0.0
973,Palafin ex,Twilight-Masquerade,Ultra Rare,0.8,1.7,1.62,1.72,441,0.0
1492,Spiritomb,Paldean-Fates,Shiny Rare,2.5,4.18,4.41,4.08,244,39.0
2185,Eiscue ex,Obsidian-Flames,Ultra Rare,0.76,1.68,1.61,1.68,610,0.0
3057,Hisuian Goodra,Crown-Zenith,Illustration Rare,0.5,1.45,1.44,1.36,510,0.0
5251,Flapple,Shining-Fates,Shiny Rare,1.5,2.68,2.78,2.62,190,0.0
3047,Altaria,Crown-Zenith,Illustration Rare,0.92,1.79,1.88,1.68,425,0.0
3706,Bea,Astral-Radiance,Ultra Rare,2.5,4.53,3.63,4.08,295,0.0
3486,Magearna V,Silver-Tempest,Ultra Rare,1.0,2.41,2.45,2.4,312,0.0
5183,Milcery,Shining-Fates,Shiny Rare,0.99,2.07,2.2,2.46,168,0.0
1578,Kadabra,Paldean-Fates,Shiny Rare,3.0,5.52,5.47,5.39,254,0.0
4351,Sylveon V,Evolving-Skies,Ultra Rare,0.94,1.99,2.25,1.84,506,0.0
5187,Hattrem,Shining-Fates,Shiny Rare,1.99,3.27,3.4,3.06,180,0.0
5249,Hatterene,Shining-Fates,Shiny Rare,1.2,4.13,4.27,2.75,191,0.0
1300,Walking Wake ex,Temporal-Forces,Secret Rare ,7.0,13.62,13.35,12.9,189,0.0
2861,Toedscool,Scarlet-Violet,Illustration Rare,1.19,3.64,3.49,3.4,303,0.0
1477,Starmie,Paldean-Fates,Shiny Rare,2.5,4.26,4.25,4.29,232,7.0
2546,Ting-Lu ex,Paldea-Evolved,Secret Rare ,2.0,4.06,4.26,4.1,388,0.0
1207,Chatot,Temporal-Forces,Illustration Rare,1.99,3.57,3.32,3.35,329,0.0
4835,Avery,Chilling-Reign,Secret Rare ,5.0,7.73,6.0,8.84,132,0.0
3120,Hatterene VMAX,Crown-Zenith,Special Illustration Rare,3.75,5.25,5.22,5.0,308,0.0
782,Cassiopeia,Shrouded-Fable,Ultra Rare,1.0,3.33,3.06,3.12,519,1.0
3070,Zacian VSTAR,Crown-Zenith,Ultra Rare,0.7,1.48,1.56,1.52,541,0.0
4055,Cinderace V,Fusion-Strike,Ultra Rare,0.25,0.97,0.96,0.77,787,0.0
4278,Schoolgirl,Fusion-Strike,Secret Rare ,3.5,6.12,4.5,6.2,208,0.0
2168,Varoom,Obsidian-Flames,Illustration Rare,0.69,1.59,1.41,1.41,637,0.0
134,Kabu,Lost-Origin,Ultra Rare,1.0,2.06,1.74,1.98,414,0.0
3061,Duraludon V,Crown-Zenith,Ultra Rare,0.25,0.82,0.8,0.73,866,0.0
3450,Judge,Silver-Tempest,Ultra Rare,1.0,3.82,2.69,3.25,423,66.0
4529,Medicham V,Evolving-Skies,Ultra Rare,1.99,3.63,3.76,3.75,207,0.0
2896,Team Star Grunt,Scarlet-Violet,Ultra Rare,0.5,1.83,1.73,1.54,439,0.0
3554,Falinks,Astral-Radiance,Illustration Rare,0.49,1.46,1.29,1.3,578,0.0
4565,Noivern V,Evolving-Skies,Ultra Rare,26.95,36.99,38.95,39.55,166,0.0
3033,Duskull,Crown-Zenith,Illustration Rare,0.9,1.92,1.92,1.82,321,93.0
5182,Toxel,Shining-Fates,Shiny Rare,1.5,3.01,2.38,3.04,174,0.0
191,Hisuian Electrode V,Lost-Origin,Ultra Rare,0.5,2.69,2.74,2.39,304,51.0
2853,Magnezone ex,Scarlet-Violet,Ultra Rare,0.89,2.08,1.99,2.18,523,0.0
5109,Alcremie V,Shining-Fates,Ultra Rare,1.19,3.16,2.13,2.2,347,0.0
2545,Squawkabilly ex,Paldea-Evolved,Ultra Rare,1.0,2.6,2.58,2.62,326,439.0
3449,Corviknight V,Silver-Tempest,Special Illustration Rare,3.49,6.72,6.22,5.62,282,0.0
4804,Melony,Chilling-Reign,Secret Rare ,2.99,9.23,9.99,7.61,151,0.0
4867,Victini V,Battle-Styles,Ultra Rare,0.35,1.16,1.13,0.94,693,0.0
3968,Honchkrow V,Brilliant-Stars,Ultra Rare,0.5,2.13,2.2,1.83,517,0.0
1505,Pawmi,Paldean-Fates,Shiny Rare,1.9,3.3,3.14,2.93,255,0.0
5207,Sizzlipede,Shining-Fates,Shiny Rare,1.5,2.87,1.92,2.83,205,0.0
4774,Rugged Helmet,Chilling-Reign,Secret Rare ,2.99,4.79,3.5,5.62,158,0.0
4064,Cinderace VMAX,Fusion-Strike,Ultra Rare,0.5,1.99,2.0,1.7,492,0.0
591,Drayton,Surging-Sparks,Ultra Rare,0.5,2.22,2.29,2.18,326,1.0
3724,Choy,Astral-Radiance,Ultra Rare,0.98,2.43,1.89,2.76,309,1.0
5194,Decidueye,Shining-Fates,Shiny Rare,2.5,6.84,6.61,5.32,155,0.0
1854,Parasol Lady,Paradox-Rift,Ultra Rare,2.5,4.88,6.47,5.02,341,0.0
2094,Dragonair,151,Illustration Rare,22.0,28.57,27.59,26.85,251,0.0
3938,Arceus VSTAR,Brilliant-Stars,Secret Rare ,4.5,8.48,7.89,8.46,381,0.0
4977,Victini V,Battle-Styles,Ultra Rare,3.49,5.03,4.66,5.48,163,0.0
3748,Hisuian Samurott VSTAR,Astral-Radiance,Secret Rare ,4.0,5.34,5.67,5.96,265,0.0
4185,Genesect V,Fusion-Strike,Ultra Rare,1.98,3.74,3.98,3.33,275,0.0
297,Hydrapple ex,Stellar-Crown,Ultra Rare,0.5,2.11,2.05,1.88,562,0.0
3629,Hisuian Samurott VSTAR,Astral-Radiance,Ultra Rare,0.75,1.25,1.35,1.55,505,0.0
2838,Basic Fighting Energy,Scarlet-Violet,Secret Rare ,1.95,4.32,4.18,4.49,381,129.0
2110,Zapdos ex,151,Ultra Rare,13.99,18.84,17.07,18.34,334,0.0
1214,Sawsbuck,Temporal-Forces,Illustration Rare,7.99,11.58,11.5,10.75,129,0.0
311,Lacey,Stellar-Crown,Ultra Rare,1.4,2.48,2.32,2.42,659,1.0
4538,Gordie,Evolving-Skies,Ultra Rare,2.0,3.56,2.5,3.02,172,0.0
4551,Froslass,Evolving-Skies,Secret Rare ,5.99,8.05,8.94,8.61,218,0.0
4872,Tapu Koko V,Battle-Styles,Ultra Rare,0.48,1.13,1.08,1.01,653,0.0
1252,Incineroar ex,Temporal-Forces,Ultra Rare,1.4,2.46,2.45,2.71,403,0.0
2882,Sandile,Scarlet-Violet,Illustration Rare,2.4,4.02,3.89,3.85,269,0.0
1863,Loudred,Paradox-Rift,Illustration Rare,2.0,6.96,6.58,6.56,184,0.0
3901,Boltund V,Brilliant-Stars,Special Illustration Rare,1.9,6.61,7.1,5.79,300,0.0
4488,Leafeon V,Evolving-Skies,Ultra Rare,9.5,15.14,13.01,14.72,141,0.0
1641,Roaring Moon ex,Paradox-Rift,Secret Rare ,4.49,7.11,5.84,5.93,404,45.0
4539,Inteleon,Evolving-Skies,Secret Rare ,7.0,14.57,12.18,11.87,196,0.0
3804,Flareon,Brilliant-Stars,Illustration Rare,3.4,5.45,5.29,4.88,339,0.0
300,Archaludon,Stellar-Crown,Illustration Rare,1.2,1.98,2.04,1.99,636,0.0
3771,Choy,Astral-Radiance,Secret Rare ,1.5,5.84,6.99,6.48,175,1.0
3590,Hisuian Samurott V,Astral-Radiance,Ultra Rare,0.4,0.79,0.91,0.99,801,0.0
24,Pikachu,Lost-Origin,Illustration Rare,3.95,5.7,5.88,5.71,710,0.0
1864,Bombirdier ex,Paradox-Rift,Ultra Rare,1.6,2.23,2.21,2.54,350,0.0
5158,Galarian Mr. Rime,Shining-Fates,Shiny Rare,0.49,1.1,1.18,1.0,484,0.0
1654,Iron Moth,Paradox-Rift,Illustration Rare,1.75,3.47,3.54,3.34,311,0.0
2648,Orthworm,Paldea-Evolved,Illustration Rare,2.0,4.27,4.29,4.37,248,0.0
3798,Eevee,Brilliant-Stars,Illustration Rare,3.0,5.02,5.16,4.51,343,0.0
2073,Caterpie,151,Illustration Rare,8.0,10.82,10.61,10.35,336,0.0
1551,Garganacl,Paldean-Fates,Shiny Rare,1.0,2.75,2.64,2.79,287,0.0
4097,Boltund V,Fusion-Strike,Ultra Rare,0.3,1.77,1.74,2.0,398,0.0
3035,Mareep,Crown-Zenith,Illustration Rare,0.95,1.8,1.92,1.67,538,0.0
3751,Cyllene,Astral-Radiance,Secret Rare ,3.99,8.42,5.79,7.16,176,61.0
3388,Zeraora V,Silver-Tempest,Special Illustration Rare,3.95,6.33,6.55,6.37,266,0.0
1518,Abomasnow,Paldean-Fates,Shiny Rare,1.85,2.92,2.67,2.83,273,0.0
3294,Regieleki VMAX,Silver-Tempest,Ultra Rare,0.5,1.18,1.22,1.24,1344,0.0
3180,Elesa's Sparkle,Crown-Zenith,Ultra Rare,17.95,20.25,21.99,20.0,225,0.0
4349,Leafeon V,Evolving-Skies,Ultra Rare,0.5,1.94,2.25,1.77,585,0.0
4111,Chandelure V,Fusion-Strike,Ultra Rare,1.0,1.88,1.94,1.91,348,0.0
4456,Vaporeon V,Evolving-Skies,Ultra Rare,7.0,21.3,19.65,19.43,139,0.0
3065,Miltank,Crown-Zenith,Illustration Rare,1.2,2.0,1.95,1.79,384,0.0
3794,Lumineon V,Brilliant-Stars,Ultra Rare,1.99,3.35,3.3,3.08,315,250.0
1244,Scizor ex,Temporal-Forces,Ultra Rare,1.29,2.38,2.73,2.64,414,0.0
5023,Rapid Strike Urshifu V,Battle-Styles,Ultra Rare,5.0,18.04,16.65,16.65,190,0.0
2539,Paldean Tauros,Paldea-Evolved,Illustration Rare,6.0,9.28,9.51,9.11,203,0.0
862,Lairon,Twilight-Masquerade,Illustration Rare,0.9,2.44,2.5,2.32,541,0.0
1487,Veluza,Paldean-Fates,Shiny Rare,1.0,2.75,2.92,2.58,233,0.0
4394,Trevenant V,Evolving-Skies,Ultra Rare,0.35,0.79,0.69,0.76,830,0.0
1706,Aegislash,Paradox-Rift,Illustration Rare,2.6,4.74,3.95,3.97,278,0.0
4614,Galarian Articuno V,Chilling-Reign,Ultra Rare,0.5,1.3,1.38,1.26,717,0.0
2877,Clauncher,Scarlet-Violet,Illustration Rare,1.8,3.76,3.66,3.7,308,0.0
5097,Cramorant VMAX,Shining-Fates,Ultra Rare,0.7,1.45,1.64,1.36,733,0.0
3095,Hisuian Zoroark VSTAR,Crown-Zenith,Special Illustration Rare,17.88,27.4,26.41,24.02,249,0.0
4580,Dracozolt VMAX,Evolving-Skies,Secret Rare ,4.2,6.9,6.65,5.94,150,0.0
1544,Paldean Tauros,Paldean-Fates,Shiny Rare,1.67,2.6,2.53,2.55,278,0.0
2817,Koraidon ex,Scarlet-Violet,Ultra Rare,0.99,2.58,2.34,2.55,479,0.0
2083,Ivysaur,151,Illustration Rare,19.95,29.48,29.41,28.79,291,0.0
3042,Glaceon V,Crown-Zenith,Ultra Rare,0.3,1.17,1.09,1.07,858,0.0
77,Eternatus V,Lost-Origin,Special Illustration Rare,2.45,4.53,4.79,4.21,354,0.0
1832,Wimpod,Paradox-Rift,Illustration Rare,2.9,5.37,4.69,4.49,173,0.0
3165,Zacian V,Crown-Zenith,Special Illustration Rare,7.99,13.69,14.15,13.31,266,0.0
4798,Peony,Chilling-Reign,Ultra Rare,3.8,6.31,4.0,5.8,153,0.0
5001,Corviknight V,Battle-Styles,Ultra Rare,2.49,3.43,3.95,3.53,214,0.0
1560,Flittle,Paldean-Fates,Shiny Rare,1.0,2.45,2.31,2.46,293,0.0
3143,Volo,Crown-Zenith,Ultra Rare,0.9,2.27,1.96,2.49,365,0.0
1480,Gloom,Paldean-Fates,Shiny Rare,2.99,4.62,4.57,4.93,203,0.0
4940,Flapple V,Battle-Styles,Ultra Rare,2.3,3.33,3.52,3.4,209,0.0
3444,Regidrago V,Silver-Tempest,Ultra Rare,10.99,17.87,19.26,19.61,284,162.0
3685,Galarian Moltres V,Astral-Radiance,Special Illustration Rare,5.99,9.23,9.5,10.28,269,0.0
4829,Water Energy,Chilling-Reign,Secret Rare ,8.55,10.59,8.75,10.26,139,88.0
2164,Pidgeot ex,Obsidian-Flames,Ultra Rare,3.8,5.95,5.87,6.61,398,211.0
4622,Tornadus VMAX,Chilling-Reign,Ultra Rare,0.5,1.62,1.5,1.45,598,0.0
2565,Bramblin,Paldea-Evolved,Illustration Rare,3.0,5.08,4.72,4.68,202,0.0
3067,Raikou V,Crown-Zenith,Special Illustration Rare,19.7,26.55,27.13,25.18,241,38.0
4766,Fan of Waves,Chilling-Reign,Secret Rare ,2.5,4.32,3.5,3.66,176,0.0
2841,Slowpoke,Scarlet-Violet,Illustration Rare,7.95,10.03,10.21,10.2,224,0.0
5025,Phoebe,Battle-Styles,Secret Rare ,4.99,7.83,14.49,9.03,137,0.0
3498,Brandon,Silver-Tempest,Ultra Rare,5.5,8.79,8.5,8.2,140,0.0
812,Horsea,Shrouded-Fable,Illustration Rare,10.99,13.19,12.52,13.28,284,0.0
572,Exeggcute,Surging-Sparks,Illustration Rare,2.95,4.9,5.01,5.24,339,1.0
117,Nessa,Lost-Origin,Ultra Rare,4.4,6.41,6.0,6.76,320,0.0
3963,Rapid Strike Style Mustard,Brilliant-Stars,Ultra Rare,0.9,1.71,1.1,1.68,415,0.0
4520,Volcarona V,Evolving-Skies,Ultra Rare,2.0,5.65,6.11,4.95,188,0.0
114,Giratina V,Lost-Origin,Ultra Rare,4.9,6.71,7.84,8.05,302,0.0
1777,Garchomp ex,Paradox-Rift,Ultra Rare,4.0,5.81,6.42,6.04,357,0.0
3946,Arceus V,Brilliant-Stars,Ultra Rare,19.95,33.21,31.78,36.81,242,0.0
1822,Vanillish,Paradox-Rift,Illustration Rare,3.49,6.64,6.14,6.29,161,0.0
196,Hisuian Goodra V,Lost-Origin,Ultra Rare,1.35,2.26,2.11,2.21,388,0.0
2808,Professor's Research,Scarlet-Violet,Ultra Rare,0.9,2.55,2.39,2.53,421,402.0
5226,Yamper,Shining-Fates,Shiny Rare,3.3,4.0,4.58,4.85,129,0.0
362,Bravery Charm,Stellar-Crown,Secret Rare ,7.99,13.38,13.08,12.95,175,200.0
3940,Sylveon V,Brilliant-Stars,Special Illustration Rare,10.0,20.43,23.3,19.85,196,0.0
1572,Skiploom,Paldean-Fates,Shiny Rare,1.0,2.81,3.08,2.89,212,0.0
4868,Mimikyu V,Battle-Styles,Ultra Rare,0.4,1.13,1.18,1.03,620,0.0
2464,Iono,Paldea-Evolved,Ultra Rare,6.0,9.98,9.25,9.44,503,756.0
215,Enamorus V,Lost-Origin,Ultra Rare,0.5,2.11,1.93,1.96,382,0.0
3051,Electivire,Crown-Zenith,Illustration Rare,1.0,2.9,2.73,2.5,346,0.0
3099,Colress's Experiment,Crown-Zenith,Special Illustration Rare,3.85,5.53,4.73,5.31,355,72.0
4828,Flannery,Chilling-Reign,Secret Rare ,4.5,5.78,11.95,6.33,126,0.0
212,Pidgeot V,Lost-Origin,Ultra Rare,2.0,3.05,3.51,3.27,338,14.0
5252,Galarian Mr. Mime,Shining-Fates,Shiny Rare,1.0,2.75,2.8,2.65,195,0.0
3022,Pikachu,Crown-Zenith,Illustration Rare,4.5,6.75,6.55,6.53,485,0.0
1050,Rescue Board,Twilight-Masquerade,Secret Rare ,6.0,9.11,10.47,8.79,221,108.0
3034,Charizard V,Crown-Zenith,Ultra Rare,1.78,2.92,2.82,3.15,557,0.0
3117,Regigigas VSTAR,Crown-Zenith,Special Illustration Rare,8.0,12.2,11.6,11.57,271,0.0
5193,Oranguru,Shining-Fates,Shiny Rare,1.6,2.54,1.95,2.72,187,0.0
5086,Poké Kid,Shining-Fates,Ultra Rare,2.0,3.82,3.35,3.36,317,0.0
3538,Darkrai V,Astral-Radiance,Ultra Rare,0.75,1.53,1.5,1.4,609,3.0
3487,Mawile V,Silver-Tempest,Ultra Rare,0.5,2.83,2.69,2.64,329,0.0
1568,Pelipper,Paldean-Fates,Shiny Rare,1.75,3.21,2.87,3.01,295,0.0
243,Aerodactyl VSTAR,Lost-Origin,Secret Rare ,5.3,8.71,9.45,9.67,229,0.0
3227,Grass Energy,Crown-Zenith,Ultra Rare,0.89,2.23,1.18,1.85,251,333.0
817,Pecharunt ex,Shrouded-Fable,Special Illustration Rare,16.4,22.5,22.9,22.42,181,90.0
4870,Victini VMAX,Battle-Styles,Ultra Rare,0.7,1.62,1.83,1.81,401,0.0
1628,Gholdengo ex,Paradox-Rift,Special Illustration Rare,12.0,17.2,17.33,16.09,185,41.0
3760,Zisu,Astral-Radiance,Secret Rare ,2.0,6.4,6.95,6.56,151,0.0
1171,Gouging Fire ex,Temporal-Forces,Ultra Rare,1.98,2.86,2.84,2.99,421,13.0
866,Infernape,Twilight-Masquerade,Illustration Rare,6.0,8.28,8.27,8.09,407,0.0
2085,Erika's Invitation,151,Ultra Rare,9.7,12.02,11.86,12.5,420,33.0
4564,Arctovish V,Evolving-Skies,Ultra Rare,2.0,4.07,4.1,3.71,210,0.0
1646,Tulip,Paradox-Rift,Special Illustration Rare,4.0,5.66,6.05,5.56,373,0.0
1742,Blitzle,Paradox-Rift,Illustration Rare,2.19,4.37,3.89,3.92,230,0.0
560,Mesprit,Surging-Sparks,Illustration Rare,7.0,9.38,9.72,9.92,297,0.0
2806,Arcanine ex,Scarlet-Violet,Ultra Rare,2.99,6.63,7.35,7.47,380,0.0
4141,Schoolgirl,Fusion-Strike,Ultra Rare,1.25,2.81,2.0,2.74,280,0.0
3758,Hisuian Sneasler V,Astral-Radiance,Ultra Rare,3.99,5.72,5.62,6.78,173,0.0
3409,Mawile V,Silver-Tempest,Special Illustration Rare,4.44,6.63,6.39,6.05,276,0.0
798,Zorua,Shrouded-Fable,Illustration Rare,6.5,9.31,9.0,9.68,316,0.0
3169,Zeraora VMAX,Crown-Zenith,Special Illustration Rare,7.99,12.54,12.85,11.68,271,0.0
133,Boss's Orders,Lost-Origin,Ultra Rare,3.0,5.01,4.5,4.87,301,885.0
5142,Wooloo,Shining-Fates,Shiny Rare,0.7,1.83,1.79,1.66,317,0.0
1833,Joltik,Paradox-Rift,Illustration Rare,2.49,6.05,5.25,5.19,193,0.0
2055,Switch,151,Secret Rare ,3.0,4.59,5.56,4.73,627,238.0
5078,Crobat VMAX,Shining-Fates,Ultra Rare,0.4,1.43,1.4,1.35,693,0.0
1177,Gengar ex,Temporal-Forces,Ultra Rare,8.0,13.35,11.52,13.66,305,0.0
824,Basic Metal Energy,Shrouded-Fable,Secret Rare ,20.0,31.24,109.75,50.32,45,104.0
296,Bulbasaur,Stellar-Crown,Illustration Rare,23.0,35.03,34.81,34.91,329,0.0
2089,Squirtle,151,Illustration Rare,25.0,36.29,36.24,34.96,268,0.0
2478,Grusha,Paldea-Evolved,Ultra Rare,1.5,2.56,2.5,2.56,485,7.0
3500,Unown VSTAR,Silver-Tempest,Secret Rare ,5.0,10.82,11.55,10.04,187,0.0
3843,Shaymin VSTAR,Brilliant-Stars,Ultra Rare,0.49,1.17,1.16,1.16,780,0.0
140,Giratina VSTAR,Lost-Origin,Secret Rare ,7.5,14.28,13.91,13.84,317,133.0
3399,Worker,Silver-Tempest,Ultra Rare,2.5,3.99,3.3,3.65,353,8.0
5202,Silicobra,Shining-Fates,Shiny Rare,1.2,1.97,2.0,1.94,212,0.0
80,Colress's Experiment,Lost-Origin,Ultra Rare,2.0,3.57,2.63,3.31,403,70.0
4383,Trevenant VMAX,Evolving-Skies,Ultra Rare,0.45,1.38,1.43,1.36,597,0.0
2078,Psyduck,151,Illustration Rare,13.0,16.51,17.29,15.72,229,0.0
2562,Dedenne ex,Paldea-Evolved,Ultra Rare,1.8,3.14,3.18,3.22,386,0.0
5227,Boltund,Shining-Fates,Shiny Rare,1.98,2.77,2.71,3.02,190,0.0
882,Dipplin,Twilight-Masquerade,Illustration Rare,1.95,2.93,2.96,3.0,520,0.0
1570,Pikachu,Paldean-Fates,Shiny Rare,22.5,37.47,38.36,36.08,225,0.0
869,Wattrel,Twilight-Masquerade,Illustration Rare,1.3,1.93,2.0,1.95,567,0.0
644,Clemont's Quick Wit,Surging-Sparks,Ultra Rare,1.09,2.64,2.36,2.49,397,0.0
3419,Regidrago V,Silver-Tempest,Ultra Rare,3.0,3.76,4.23,4.38,241,162.0
5225,Rotom,Shining-Fates,Shiny Rare,1.5,3.81,3.83,3.86,194,0.0
3951,Single Strike Style Mustard,Brilliant-Stars,Ultra Rare,0.79,1.56,0.79,1.34,403,0.0
4469,Lightning Energy,Evolving-Skies,Secret Rare ,7.0,11.11,12.16,11.59,109,158.0
3942,Café Master,Brilliant-Stars,Ultra Rare,0.49,1.81,1.1,1.83,386,0.0
2638,Chi-Yu ex,Paldea-Evolved,Ultra Rare,1.1,2.55,2.68,2.54,339,6.0
1474,Vileplume,Paldean-Fates,Shiny Rare,2.25,3.61,3.66,3.97,237,0.0
17,Gengar,Lost-Origin,Illustration Rare,3.1,5.05,5.11,4.43,401,0.0
2652,Farigiraf,Paldea-Evolved,Illustration Rare,4.0,5.92,6.21,5.75,236,0.0
1530,Maushold,Paldean-Fates,Shiny Rare,1.5,4.08,3.85,3.79,211,0.0
5098,Gym Trainer,Shining-Fates,Ultra Rare,0.95,1.54,1.82,1.67,471,0.0
1500,Ting-Lu ex,Paldean-Fates,Secret Rare ,3.0,5.3,5.87,6.53,310,0.0
5010,Octillery,Battle-Styles,Secret Rare ,4.99,7.91,7.36,8.54,232,0.0
1306,Iron Boulder ex,Temporal-Forces,Secret Rare ,6.0,12.08,8.77,10.06,168,0.0
3700,Roxanne,Astral-Radiance,Ultra Rare,6.0,8.52,8.5,9.0,238,84.0
2767,Miraidon ex,Scarlet-Violet,Secret Rare ,4.0,7.86,7.62,7.8,445,24.0
3535,Oranguru V,Astral-Radiance,Ultra Rare,0.3,1.28,1.2,1.13,708,42.0
2655,Fletchinder,Paldea-Evolved,Illustration Rare,4.5,7.97,7.87,7.85,160,0.0
1668,Iron Valiant ex,Paradox-Rift,Special Illustration Rare,17.95,23.21,20.55,20.86,238,3.0
3540,Origin Forme Dialga V,Astral-Radiance,Ultra Rare,0.75,2.3,2.21,2.15,367,9.0
4087,Dancer,Fusion-Strike,Ultra Rare,0.95,1.95,3.0,1.98,410,0.0
3375,Serperior V,Silver-Tempest,Special Illustration Rare,7.99,10.74,11.55,10.74,268,0.0
2912,Wiglett,Scarlet-Violet,Illustration Rare,1.89,4.13,3.9,3.91,276,0.0
3493,Wallace,Silver-Tempest,Ultra Rare,5.48,9.25,6.49,9.02,153,0.0
5244,Hatenna,Shining-Fates,Shiny Rare,1.7,3.87,2.9,3.0,193,0.0
5254,Pincurchin,Shining-Fates,Shiny Rare,1.38,3.07,3.5,2.49,223,0.0
3944,Lumineon V,Brilliant-Stars,Ultra Rare,2.99,6.28,6.76,5.97,194,250.0
4066,Boltund VMAX,Fusion-Strike,Ultra Rare,0.59,1.32,1.48,1.24,541,0.0
3548,Flapple,Astral-Radiance,Illustration Rare,0.5,1.15,1.16,1.21,667,0.0
4998,Rapid Strike Urshifu VMAX,Battle-Styles,Secret Rare ,4.9,9.62,8.73,10.0,148,0.0
2589,Basic Water Energy,Paldea-Evolved,Secret Rare ,3.8,6.81,10.23,6.78,301,121.0
3813,Octillery,Brilliant-Stars,Illustration Rare,0.45,1.17,1.21,1.06,865,0.0
3728,Beedrill V,Astral-Radiance,Ultra Rare,2.0,3.06,2.94,3.64,290,0.0
2543,Forretress ex,Paldea-Evolved,Ultra Rare,0.7,1.45,1.63,1.55,493,0.0
1561,Hawlucha,Paldean-Fates,Shiny Rare,2.79,3.84,3.89,3.85,193,36.0
2071,Nidoking,151,Illustration Rare,7.99,11.17,11.02,10.94,418,0.0
4057,Chandelure VMAX,Fusion-Strike,Ultra Rare,0.5,1.71,1.79,1.67,490,0.0
5201,Galarian Runerigus,Shining-Fates,Shiny Rare,1.0,3.01,2.01,2.64,176,0.0
1540,Scizor,Paldean-Fates,Shiny Rare,3.0,4.54,4.88,4.75,254,9.0
4794,Flannery,Chilling-Reign,Ultra Rare,9.99,15.01,11.99,16.47,130,0.0
3425,Hisuian Arcanine V,Silver-Tempest,Ultra Rare,2.4,4.41,3.62,3.84,292,0.0
3473,Regidrago VSTAR,Silver-Tempest,Secret Rare ,9.95,13.02,15.2,14.0,156,136.0
1203,Gastly,Temporal-Forces,Illustration Rare,13.95,25.48,28.15,22.31,254,0.0
1621,Slither Wing,Paradox-Rift,Illustration Rare,2.5,4.32,3.9,3.43,314,93.0
1490,Pawniard,Paldean-Fates,Shiny Rare,1.8,2.71,2.75,2.73,268,0.0
2630,Chi-Yu ex,Paldea-Evolved,Special Illustration Rare,17.39,23.2,23.41,22.21,195,6.0
2170,Houndour,Obsidian-Flames,Illustration Rare,1.99,2.86,2.79,2.7,479,0.0
2873,Great Tusk ex,Scarlet-Violet,Ultra Rare,0.49,1.48,1.51,1.59,559,0.0
5205,Rillaboom,Shining-Fates,Shiny Rare,2.4,4.15,4.93,4.16,182,0.0
3544,Hoothoot,Astral-Radiance,Illustration Rare,0.85,1.63,1.5,1.6,411,3.0
304,Turtonator,Stellar-Crown,Illustration Rare,1.15,2.4,2.22,2.25,612,0.0
289,Dachsbun ex,Stellar-Crown,Ultra Rare,0.69,1.4,1.33,1.34,715,0.0
3085,Entei V,Crown-Zenith,Special Illustration Rare,17.0,24.96,24.56,22.95,300,14.0
4725,Brawly,Chilling-Reign,Ultra Rare,0.3,2.4,2.25,1.93,257,0.0
1466,Slowpoke,Paldean-Fates,Shiny Rare,3.5,5.12,4.83,4.83,226,0.0
1721,Gimmighoul,Paradox-Rift,Illustration Rare,2.9,5.6,5.57,5.39,230,15.0
2843,Miriam,Scarlet-Violet,Special Illustration Rare,11.0,18.52,16.26,16.36,528,0.0
1249,Iron Boulder ex,Temporal-Forces,Ultra Rare,1.0,1.71,1.7,1.85,505,0.0
875,Sunflora,Twilight-Masquerade,Illustration Rare,2.0,2.63,2.64,2.72,549,0.0
3552,Wyrdeer V,Astral-Radiance,Ultra Rare,0.5,1.23,1.11,1.0,751,27.0
5197,Raboot,Shining-Fates,Shiny Rare,3.0,6.0,5.58,5.41,175,0.0
3144,Drapion V,Crown-Zenith,Special Illustration Rare,1.0,4.88,5.11,4.96,396,0.0
3476,Unown V,Silver-Tempest,Ultra Rare,2.0,2.81,2.9,3.23,325,0.0
5170,Arctozolt,Shining-Fates,Shiny Rare,1.99,3.7,4.23,3.62,166,0.0
2778,Miraidon ex,Scarlet-Violet,Ultra Rare,1.0,3.74,3.72,3.7,431,23.0
1506,Abra,Paldean-Fates,Shiny Rare,3.89,5.72,5.64,5.56,234,0.0
1513,Hoppip,Paldean-Fates,Shiny Rare,1.7,3.01,3.07,2.95,278,0.0
2075,Poliwhirl,151,Illustration Rare,13.99,16.07,15.97,16.82,316,0.0
3015,Comfey,Crown-Zenith,Illustration Rare,0.5,1.34,1.35,1.4,707,49.0
3806,Arceus V,Brilliant-Stars,Ultra Rare,0.5,1.33,1.34,1.76,735,0.0
3003,Radiant Charizard,Crown-Zenith,Ultra Rare,3.9,6.66,6.43,5.65,791,272.0
944,Hearthflame Mask Ogerpon ex,Twilight-Masquerade,Ultra Rare,1.2,2.41,2.59,2.47,417,0.0
1559,Natu,Paldean-Fates,Shiny Rare,1.8,2.69,2.84,3.01,244,2.0
3389,Professor Burnet,Silver-Tempest,Ultra Rare,0.5,3.74,2.16,3.37,346,0.0
5237,Drakloak,Shining-Fates,Shiny Rare,1.2,3.27,3.61,3.75,175,0.0
5169,Copperajah,Shining-Fates,Shiny Rare,1.25,2.37,2.16,2.82,178,0.0
1499,Thundurus,Paldean-Fates,Shiny Rare,2.0,3.95,3.57,3.53,283,0.0
1635,Professor Sada's Vitality,Paradox-Rift,Special Illustration Rare,7.99,10.09,14.44,10.25,341,173.0
702,Drayton,Surging-Sparks,Special Illustration Rare,11.5,16.29,15.55,15.73,159,1.0
5156,Scorbunny,Shining-Fates,Shiny Rare,1.0,1.88,1.4,1.78,337,0.0
2909,Iron Treads ex,Scarlet-Violet,Ultra Rare,0.5,1.91,1.59,1.71,573,0.0
4061,Boltund V,Fusion-Strike,Ultra Rare,0.3,0.97,0.82,0.8,965,0.0
4054,Lucario V,Fusion-Strike,Ultra Rare,0.55,1.4,1.23,1.13,489,0.0
1478,Kirlia,Paldean-Fates,Shiny Rare,2.99,4.16,4.2,4.4,256,0.0
3480,Chesnaught V,Silver-Tempest,Ultra Rare,1.24,2.84,2.28,2.53,293,0.0
4355,Espeon VMAX,Evolving-Skies,Ultra Rare,3.99,7.24,6.62,6.28,229,0.0
4344,Espeon V,Evolving-Skies,Ultra Rare,0.5,1.74,1.85,1.76,628,0.0
1553,Wo-Chien ex,Paldean-Fates,Secret Rare ,5.5,7.85,8.0,7.96,273,0.0
2586,Wo-Chien ex,Paldea-Evolved,Special Illustration Rare,4.9,10.11,10.25,10.32,306,0.0
3831,Mimikyu VMAX,Brilliant-Stars,Ultra Rare,0.5,1.79,1.72,1.71,596,0.0
3761,Origin Forme Palkia VSTAR,Astral-Radiance,Secret Rare ,9.99,16.96,16.5,16.88,170,27.0
3153,Zeraora VSTAR,Crown-Zenith,Special Illustration Rare,8.45,12.46,13.75,12.51,311,0.0
2615,Paldean Clodsire ex,Paldea-Evolved,Ultra Rare,0.7,1.78,1.85,1.74,399,0.0
3220,Psychic Energy,Crown-Zenith,Ultra Rare,1.55,2.91,2.0,2.54,247,184.0
876,Poltchageist,Twilight-Masquerade,Illustration Rare,1.0,2.06,2.15,2.01,601,0.0
1473,Luxray,Paldean-Fates,Shiny Rare,4.2,4.86,4.74,5.22,213,1.0
1707,Golisopod ex,Paradox-Rift,Special Illustration Rare,7.5,10.56,10.89,10.24,287,0.0
1567,Varoom,Paldean-Fates,Shiny Rare,0.97,2.47,2.59,2.13,247,0.0
3269,Ho-Oh V,Silver-Tempest,Ultra Rare,0.89,1.55,1.5,1.54,652,0.0
3494,Brandon,Silver-Tempest,Secret Rare ,4.0,4.66,9.5,5.11,181,0.0
4322,Greedent VMAX,Fusion-Strike,Secret Rare ,4.98,8.1,7.22,8.23,173,0.0
1858,Cofagrigus ex,Paradox-Rift,Ultra Rare,1.5,2.29,2.57,2.84,296,0.0
3975,Lumineon V,Brilliant-Stars,Ultra Rare,8.99,16.23,16.41,17.36,232,250.0
3732,Garchomp V,Astral-Radiance,Ultra Rare,2.9,4.83,4.82,4.95,245,0.0
4353,Volcarona V,Evolving-Skies,Ultra Rare,0.4,1.26,1.37,1.2,628,0.0
14,Giratina V,Lost-Origin,Ultra Rare,0.49,1.34,1.2,1.28,1065,1.0
174,Miss Fortune Sisters,Lost-Origin,Ultra Rare,2.49,4.32,4.13,4.47,279,52.0
864,Froslass,Twilight-Masquerade,Illustration Rare,2.9,3.85,3.87,3.77,476,0.0
3140,Zamazenta V,Crown-Zenith,Special Illustration Rare,9.0,13.07,12.18,12.63,224,0.0
936,Perrin,Twilight-Masquerade,Ultra Rare,1.98,3.75,3.22,3.84,390,0.0
820,Munkidori ex,Shrouded-Fable,Special Illustration Rare,15.0,18.19,18.78,19.93,173,0.0
2504,Annihilape ex,Paldea-Evolved,Ultra Rare,1.0,2.81,2.81,2.72,342,0.0
4814,Tornadus VMAX,Chilling-Reign,Secret Rare ,4.99,7.63,7.74,7.36,143,0.0
671,Night Stretcher,Surging-Sparks,Secret Rare ,16.0,19.63,21.22,20.48,100,593.0
1527,Mabosstiff,Paldean-Fates,Shiny Rare,0.7,2.38,2.51,2.18,254,0.0
2199,Geeta,Obsidian-Flames,Special Illustration Rare,1.59,3.25,3.17,3.19,631,0.0
1571,Voltorb,Paldean-Fates,Shiny Rare,2.0,3.61,3.56,3.49,264,0.0
1702,Mela,Paradox-Rift,Special Illustration Rare,3.5,6.03,8.32,6.3,356,8.0
5111,Eternatus VMAX,Shining-Fates,Secret Rare ,2.99,4.91,4.92,6.22,405,0.0
1554,Wattrel,Paldean-Fates,Shiny Rare,1.8,2.81,2.99,2.93,229,1.0
132,Crobat V,Lost-Origin,Special Illustration Rare,3.2,8.12,8.33,6.5,246,0.0
2629,Copperajah ex,Paldea-Evolved,Ultra Rare,0.9,1.56,1.59,1.77,441,0.0
2575,Skeledirge ex,Paldea-Evolved,Ultra Rare,1.49,2.52,2.4,2.63,381,0.0
4604,Shadow Rider Calyrex V,Chilling-Reign,Ultra Rare,0.3,0.91,0.82,0.8,1146,0.0
5008,Kricketune V,Battle-Styles,Ultra Rare,2.0,3.04,3.13,3.17,210,0.0
3468,Regieleki V,Silver-Tempest,Ultra Rare,1.94,3.05,2.73,2.93,334,0.0
3260,Lugia V,Silver-Tempest,Ultra Rare,2.99,5.46,5.58,4.97,651,54.0
5224,Arctovish,Shining-Fates,Shiny Rare,1.0,3.06,2.87,2.55,191,0.0
3054,Leafeon V,Crown-Zenith,Ultra Rare,0.3,1.25,1.34,1.13,791,0.0
819,Fezandipiti ex,Shrouded-Fable,Special Illustration Rare,32.99,35.84,35.52,37.94,207,752.0
967,Luxray ex,Twilight-Masquerade,Ultra Rare,1.4,2.81,3.43,2.8,469,0.0
413,Area Zero Underdepths,Stellar-Crown,Secret Rare ,11.0,16.52,17.87,16.7,136,110.0
1761,Parasol Lady,Paradox-Rift,Special Illustration Rare,9.0,13.47,15.12,14.1,296,0.0
4350,Rayquaza V,Evolving-Skies,Ultra Rare,0.3,1.54,1.47,1.54,768,0.0
5238,Grimmsnarl,Shining-Fates,Shiny Rare,1.7,3.88,4.15,3.43,202,0.0
1166,Lickitung,Temporal-Forces,Illustration Rare,2.14,5.12,4.89,5.1,245,0.0
4560,Glaceon VMAX,Evolving-Skies,Secret Rare ,10.0,36.4,33.19,27.14,105,0.0
887,Chansey,Twilight-Masquerade,Illustration Rare,6.5,7.54,8.23,8.74,458,0.0
1476,Staryu,Paldean-Fates,Shiny Rare,1.99,4.37,4.44,4.62,203,3.0
532,Archaludon ex,Surging-Sparks,Ultra Rare,1.8,2.92,2.94,3.26,316,15.0
2,Rotom V,Lost-Origin,Ultra Rare,0.7,3.69,3.56,3.23,239,193.0
4364,Vaporeon VMAX,Evolving-Skies,Ultra Rare,1.98,5.64,5.32,5.09,285,0.0
4345,Suicune V,Evolving-Skies,Ultra Rare,0.9,1.96,1.92,1.7,575,0.0
157,Volo,Lost-Origin,Ultra Rare,1.3,2.21,2.43,2.08,369,0.0
793,Kingdra ex,Shrouded-Fable,Ultra Rare,1.85,3.2,3.09,3.19,547,0.0
3265,Milotic,Silver-Tempest,Illustration Rare,1.0,1.84,1.75,1.88,504,0.0
165,Opal,Lost-Origin,Ultra Rare,0.95,1.88,1.59,1.88,385,0.0
2482,Arctibax,Paldea-Evolved,Illustration Rare,3.05,4.27,4.26,4.31,231,0.0
5208,Galarian Darumaka,Shining-Fates,Shiny Rare,1.49,3.4,2.76,3.32,188,0.0
2177,Palafin,Obsidian-Flames,Illustration Rare,1.4,2.4,2.54,2.17,613,0.0
2444,Boss's Orders,Paldea-Evolved,Ultra Rare,1.5,5.73,4.61,5.49,249,950.0
3223,Fire Energy,Crown-Zenith,Ultra Rare,1.0,3.03,2.75,2.75,223,366.0
4347,Glaceon V,Evolving-Skies,Ultra Rare,0.6,1.67,1.57,1.38,753,0.0
4609,Galarian Moltres V,Chilling-Reign,Ultra Rare,0.7,1.51,1.33,1.53,516,0.0
1564,Pineco,Paldean-Fates,Shiny Rare,1.5,2.81,2.77,2.92,252,0.0
3755,Machamp V,Astral-Radiance,Ultra Rare,7.25,13.48,14.77,12.17,127,0.0
4934,Phoebe,Battle-Styles,Ultra Rare,6.95,12.88,9.9,13.51,183,0.0
878,Hisuian Growlithe,Twilight-Masquerade,Illustration Rare,4.5,6.39,6.67,6.55,465,0.0
3459,Lugia VSTAR,Silver-Tempest,Secret Rare ,13.99,17.43,18.06,18.62,408,34.0
3887,Ultra Ball,Brilliant-Stars,Secret Rare ,17.0,21.24,23.0,21.88,190,603.0
33,Pidgeot V,Lost-Origin,Ultra Rare,0.25,0.84,0.84,0.82,1351,20.0
3723,Hisuian Typhlosion V,Astral-Radiance,Ultra Rare,2.9,3.6,3.69,4.26,292,0.0
3025,Toxtricity,Crown-Zenith,Illustration Rare,0.3,1.18,1.1,1.07,841,0.0
2076,Wartortle,151,Illustration Rare,12.0,29.23,29.41,27.91,286,0.0
3665,Garchomp V,Astral-Radiance,Special Illustration Rare,20.0,33.89,38.24,40.89,164,0.0
2904,Pachirisu,Scarlet-Violet,Illustration Rare,2.7,5.47,5.45,5.8,238,0.0
538,Flygon ex,Surging-Sparks,Ultra Rare,2.0,4.14,4.25,4.03,288,0.0
539,Ceruledge,Surging-Sparks,Illustration Rare,11.85,13.7,14.31,14.8,285,0.0
5216,Cufant,Shining-Fates,Shiny Rare,1.8,3.94,3.26,3.68,204,0.0
5233,Ducklett,Shining-Fates,Shiny Rare,1.4,2.86,3.05,2.75,179,0.0
3484,Serperior V,Silver-Tempest,Ultra Rare,1.99,2.87,3.01,3.34,347,0.0
1665,Sandy Shocks ex,Paradox-Rift,Special Illustration Rare,4.0,5.63,6.71,6.55,329,0.0
2475,Super Rod,Paldea-Evolved,Secret Rare ,4.0,9.86,10.04,10.1,298,378.0
3477,Lugia V,Silver-Tempest,Ultra Rare,8.98,10.23,10.42,11.82,314,54.0
3584,Galarian Mr. Rime V,Astral-Radiance,Ultra Rare,0.3,0.79,0.97,0.85,890,0.0
3746,Hisuian Sneasler V,Astral-Radiance,Ultra Rare,16.99,35.43,31.99,36.94,159,0.0
3055,Absol,Crown-Zenith,Illustration Rare,1.65,2.63,2.51,2.63,375,0.0
4758,Caitlin,Chilling-Reign,Ultra Rare,14.35,22.08,23.08,22.72,114,0.0
5223,Centiskorch,Shining-Fates,Shiny Rare,1.7,3.18,3.55,3.25,180,0.0
4343,Umbreon V,Evolving-Skies,Ultra Rare,0.95,2.98,2.7,2.69,491,0.0
5181,Thwackey,Shining-Fates,Shiny Rare,1.2,3.58,4.43,3.62,185,0.0
2837,Penny,Scarlet-Violet,Special Illustration Rare,4.0,6.33,5.8,6.39,438,129.0
2857,Greavard,Scarlet-Violet,Illustration Rare,3.48,4.89,5.09,5.1,266,0.0
3124,Raihan,Crown-Zenith,Special Illustration Rare,2.5,4.53,4.96,4.66,386,0.0
3302,Unown VSTAR,Silver-Tempest,Ultra Rare,0.3,1.05,1.03,1.12,899,0.0
695,Jet Energy,Surging-Sparks,Secret Rare ,10.0,12.21,12.49,12.85,141,76.0
3286,Braixen,Silver-Tempest,Illustration Rare,0.5,1.53,1.38,1.46,744,0.0
811,Persian,Shrouded-Fable,Illustration Rare,14.0,23.56,23.36,26.12,286,0.0
4832,Peonia,Chilling-Reign,Secret Rare ,5.9,7.28,7.09,8.42,129,0.0
4782,Blissey V,Chilling-Reign,Ultra Rare,3.0,3.79,4.76,5.33,170,0.0
2158,Charizard ex,Obsidian-Flames,Secret Rare ,10.0,20.48,20.54,20.68,580,98.0
559,Stunfisk,Surging-Sparks,Illustration Rare,0.9,1.86,2.24,2.52,480,0.0
202,Drapion V,Lost-Origin,Ultra Rare,0.49,2.26,1.93,1.98,426,2.0
4563,Zinnia's Resolve,Evolving-Skies,Secret Rare ,3.5,5.78,9.0,6.52,181,0.0
2895,Katy,Scarlet-Violet,Ultra Rare,1.0,2.46,2.0,2.52,499,0.0
1581,Skwovet,Paldean-Fates,Shiny Rare,2.4,3.29,3.51,3.41,259,0.0
290,Squirtle,Stellar-Crown,Illustration Rare,22.8,37.92,37.36,37.34,303,0.0
5175,Eldegoss,Shining-Fates,Shiny Rare,1.3,2.76,3.19,2.74,230,0.0
3636,Hisuian Typhlosion VSTAR,Astral-Radiance,Ultra Rare,0.6,1.74,1.69,1.61,492,0.0
2088,Bulbasaur,151,Illustration Rare,25.0,36.23,36.71,34.76,269,0.0
2559,Ting-Lu ex,Paldea-Evolved,Ultra Rare,0.5,1.43,1.67,1.77,469,0.0
1501,Scyther,Paldean-Fates,Shiny Rare,4.5,6.41,6.49,6.15,241,0.0
3718,Jirachi V,Astral-Radiance,Ultra Rare,2.99,4.36,4.57,4.85,241,0.0
2153,Cleffa,Obsidian-Flames,Illustration Rare,6.5,8.8,8.75,8.44,305,194.0
242,Rotom V,Lost-Origin,Ultra Rare,30.0,35.97,35.82,39.13,176,193.0
3031,Dunsparce,Crown-Zenith,Illustration Rare,0.5,0.99,1.02,1.04,925,0.0
4373,Arctovish V,Evolving-Skies,Ultra Rare,0.3,1.08,0.91,0.94,882,0.0
1556,Greedent,Paldean-Fates,Shiny Rare,1.99,3.0,2.83,2.93,288,0.0
962,Hassel,Twilight-Masquerade,Ultra Rare,0.8,1.7,1.98,1.99,517,2.0
5147,Rose,Shining-Fates,Ultra Rare,0.99,1.72,0.99,1.73,440,0.0
5102,Skyla,Shining-Fates,Ultra Rare,5.0,9.69,10.5,9.38,331,0.0
1857,Steelix,Paradox-Rift,Illustration Rare,11.5,20.15,18.1,20.4,192,0.0
3433,Candice,Silver-Tempest,Ultra Rare,4.0,6.82,5.5,6.24,317,0.0
3017,Mew,Crown-Zenith,Illustration Rare,5.99,9.84,9.87,8.88,308,0.0
220,Hisuian Zoroark VSTAR,Lost-Origin,Secret Rare ,3.99,6.41,7.04,6.15,351,0.0
3805,Jolteon,Brilliant-Stars,Illustration Rare,2.4,4.52,4.31,3.97,401,0.0
2190,Ryme,Obsidian-Flames,Ultra Rare,0.3,1.33,0.93,1.32,720,0.0
790,Dusclops,Shrouded-Fable,Illustration Rare,9.0,12.2,12.35,12.33,179,163.0
5255,Minccino,Shining-Fates,Shiny Rare,1.99,4.23,4.87,4.09,143,0.0
3043,Mew V,Crown-Zenith,Ultra Rare,0.5,1.38,1.4,1.46,599,0.0
1489,Tinkatuff,Paldean-Fates,Shiny Rare,2.0,3.35,3.25,3.34,247,0.0
5034,Tapu Koko V,Battle-Styles,Ultra Rare,2.39,3.64,3.85,3.55,190,0.0
5185,Galarian Darmanitan,Shining-Fates,Shiny Rare,1.55,2.26,2.5,2.75,185,0.0
4626,Celebi VMAX,Chilling-Reign,Ultra Rare,0.9,3.2,2.88,2.87,385,0.0
3469,V Guard Energy,Silver-Tempest,Secret Rare ,1.79,2.93,2.99,2.72,428,33.0
1819,Tulip,Paradox-Rift,Ultra Rare,1.9,3.06,2.62,2.59,362,0.0
3497,Candice,Silver-Tempest,Secret Rare ,4.0,5.93,6.0,6.15,198,0.0
1547,Arctibax,Paldean-Fates,Shiny Rare,0.9,2.79,2.82,2.71,252,1.0
4576,Turffield Stadium,Evolving-Skies,Secret Rare ,4.0,6.09,6.0,6.02,188,0.0
293,Orthworm ex,Stellar-Crown,Ultra Rare,0.4,1.09,0.99,0.99,796,0.0
1575,Toxel,Paldean-Fates,Shiny Rare,1.35,3.03,2.95,2.75,259,0.0
1800,Veluza,Paradox-Rift,Illustration Rare,2.5,3.66,3.88,3.62,264,0.0
2620,Meowscarada ex,Paldea-Evolved,Secret Rare ,3.4,6.86,6.17,6.08,407,0.0
1461,Bisharp,Paldean-Fates,Shiny Rare,2.0,3.23,2.99,3.04,243,0.0
1667,Dottler,Paradox-Rift,Illustration Rare,1.3,2.92,2.82,2.32,380,0.0
3997,Whimsicott VSTAR,Brilliant-Stars,Secret Rare ,1.0,4.07,3.85,3.74,332,0.0
364,Briar,Stellar-Crown,Special Illustration Rare,15.0,20.43,18.48,20.19,230,214.0
3839,Zarude V,Brilliant-Stars,Ultra Rare,0.25,0.96,0.94,0.85,1354,0.0
3333,Blaziken V,Silver-Tempest,Special Illustration Rare,8.1,11.68,12.69,11.5,178,0.0
1866,Norman,Paradox-Rift,Ultra Rare,1.0,2.47,1.75,1.93,358,0.0
1509,Jigglypuff,Paldean-Fates,Shiny Rare,2.7,4.91,5.14,4.71,187,0.0
5212,Rolycoly,Shining-Fates,Shiny Rare,1.2,3.51,2.75,3.42,207,0.0
863,Chimecho,Twilight-Masquerade,Illustration Rare,1.4,2.18,2.24,2.16,559,0.0
2509,Tinkatink,Paldea-Evolved,Illustration Rare,2.75,4.29,4.26,4.26,265,0.0
3542,Bronzong,Astral-Radiance,Illustration Rare,0.49,1.15,1.12,1.2,645,0.0
3890,Rapid Strike Urshifu V,Brilliant-Stars,Special Illustration Rare,2.5,4.01,3.89,3.75,395,0.0
2188,Charizard ex,Obsidian-Flames,Ultra Rare,7.0,11.18,11.24,11.44,624,124.0
1459,Frigibax,Paldean-Fates,Shiny Rare,2.3,3.65,3.36,3.63,196,5.0
2067,Basic Psychic Energy,151,Secret Rare ,3.25,5.03,4.7,4.93,481,163.0
797,Dusknoir,Shrouded-Fable,Illustration Rare,12.0,17.94,18.71,18.91,186,225.0
3895,Cynthia's Ambition,Brilliant-Stars,Ultra Rare,2.0,4.69,5.59,4.87,365,0.0
1813,Mienshao,Paradox-Rift,Illustration Rare,2.49,4.81,5.0,5.04,197,0.0
4490,Umbreon V,Evolving-Skies,Ultra Rare,15.0,36.6,31.44,34.13,134,0.0
5217,Dubwool,Shining-Fates,Shiny Rare,0.99,3.23,2.25,2.9,195,0.0
4861,Necrozma V,Battle-Styles,Ultra Rare,0.39,1.14,0.98,1.04,595,0.0
3832,Kingler VMAX,Brilliant-Stars,Ultra Rare,0.5,1.62,1.63,1.55,618,0.0
1272,Iron Leaves ex,Temporal-Forces,Secret Rare ,7.5,12.95,11.73,11.19,205,0.0
3081,Rotom VSTAR,Crown-Zenith,Ultra Rare,0.35,1.08,1.15,1.02,722,0.0
3641,Heatran VMAX,Astral-Radiance,Ultra Rare,0.5,1.92,1.89,1.73,427,0.0
1517,Chi-Yu ex,Paldean-Fates,Secret Rare ,6.8,9.14,9.47,8.59,232,6.0
1290,Morty's Conviction,Temporal-Forces,Special Illustration Rare,28.0,39.92,38.91,39.73,157,7.0
4605,Ice Rider Calyrex VMAX,Chilling-Reign,Ultra Rare,0.4,1.33,0.98,1.09,1024,0.0
3263,Regidrago V,Silver-Tempest,Ultra Rare,0.3,1.04,1.18,1.23,719,126.0
770,Pecharunt ex,Shrouded-Fable,Ultra Rare,2.19,2.85,3.2,3.0,497,90.0
1867,Tapu Koko ex,Paradox-Rift,Ultra Rare,2.0,2.84,2.71,2.74,326,0.0
3808,Dedenne,Brilliant-Stars,Illustration Rare,0.3,1.24,1.14,1.3,748,0.0
3722,Luxray V,Astral-Radiance,Ultra Rare,2.5,5.17,5.25,4.7,235,11.0
244,Hisuian Goodra VSTAR,Lost-Origin,Secret Rare ,4.5,6.83,7.07,7.56,228,98.0
4978,Empoleon V,Battle-Styles,Ultra Rare,3.75,7.18,6.19,6.36,158,0.0
1162,Minccino,Temporal-Forces,Illustration Rare,2.8,3.89,3.84,3.89,289,50.0
1307,Raging Bolt ex,Temporal-Forces,Secret Rare ,14.5,20.59,19.29,18.84,120,73.0
3074,Hatterene VMAX,Crown-Zenith,Ultra Rare,0.49,1.5,1.28,1.28,603,0.0
1121,Wugtrio ex,Temporal-Forces,Ultra Rare,0.5,1.77,1.57,1.43,465,0.0
4114,Grass Energy,Fusion-Strike,Secret Rare ,2.5,5.73,7.0,6.17,260,225.0
1483,Pidgeotto,Paldean-Fates,Shiny Rare,3.0,4.35,4.62,4.47,224,6.0
3564,Luxray V,Astral-Radiance,Ultra Rare,0.5,1.54,1.55,1.58,397,11.0
3172,Cheren's Care,Crown-Zenith,Special Illustration Rare,2.8,4.84,6.49,5.72,309,0.0
4823,Agatha,Chilling-Reign,Secret Rare ,2.99,5.48,15.0,7.84,122,0.0
2602,Pyroar,Paldea-Evolved,Illustration Rare,3.0,6.17,6.6,6.98,199,0.0
2471,Quaquaval ex,Paldea-Evolved,Special Illustration Rare,3.9,7.5,7.49,7.63,356,0.0
2531,Quaxly,Paldea-Evolved,Illustration Rare,1.75,5.81,5.49,5.68,245,0.0
4911,Cheryl,Battle-Styles,Ultra Rare,4.99,8.72,8.5,9.48,238,0.0
3119,Friends in Sinnoh,Crown-Zenith,Ultra Rare,5.19,6.51,6.07,6.78,320,0.0
3581,Shadow Rider Calyrex VMAX,Astral-Radiance,Secret Rare ,1.0,2.23,2.14,2.15,547,0.0
5240,Skwovet,Shining-Fates,Shiny Rare,1.0,3.98,3.42,2.87,204,0.0
3464,Blissey V,Silver-Tempest,Special Illustration Rare,2.0,6.93,7.52,6.83,296,0.0
5113,Ball Guy,Shining-Fates,Ultra Rare,0.99,2.16,1.49,1.95,365,0.0
5167,Corviknight,Shining-Fates,Shiny Rare,0.9,1.33,1.19,1.21,419,0.0
5203,Stonjourner,Shining-Fates,Shiny Rare,1.35,2.79,2.45,2.77,193,0.0
2182,Revavroom ex,Obsidian-Flames,Ultra Rare,0.25,1.29,1.27,1.18,808,0.0
173,Kyurem V,Lost-Origin,Ultra Rare,1.0,3.56,3.43,2.99,320,0.0
4815,Galarian Articuno V,Chilling-Reign,Ultra Rare,6.0,9.81,10.5,9.02,172,0.0
154,Orbeetle V,Lost-Origin,Special Illustration Rare,2.0,3.8,3.7,4.01,361,0.0
4406,Zinnia's Resolve,Evolving-Skies,Ultra Rare,2.5,5.37,5.0,5.43,247,0.0
5072,Ditto VMAX,Shining-Fates,Ultra Rare,0.9,2.03,1.89,1.75,492,0.0
1528,Cyclizar,Paldean-Fates,Shiny Rare,1.29,2.96,2.78,2.57,236,0.0
1220,Morty's Conviction,Temporal-Forces,Ultra Rare,1.7,2.54,2.0,2.07,418,7.0
3689,Zacian V,Astral-Radiance,Special Illustration Rare,7.0,12.25,11.45,11.13,221,0.0
3691,Irida,Astral-Radiance,Ultra Rare,9.37,15.13,14.17,15.51,267,83.0
3880,Roseanne's Backup,Brilliant-Stars,Ultra Rare,2.0,3.47,2.87,3.55,320,14.0
1504,Pachirisu,Paldean-Fates,Shiny Rare,2.0,4.03,4.13,3.89,244,0.0
1471,Chien-Pao ex,Paldean-Fates,Secret Rare ,5.99,9.95,9.23,9.4,268,7.0
540,Milotic ex,Surging-Sparks,Ultra Rare,2.79,4.19,4.36,4.39,307,4.0
1780,Minun,Paradox-Rift,Illustration Rare,7.4,11.84,11.08,10.92,134,0.0
3019,Rayquaza V,Crown-Zenith,Ultra Rare,0.4,1.12,1.17,1.1,1206,0.0
825,Basic Darkness Energy,Shrouded-Fable,Secret Rare ,22.5,29.19,29.95,30.26,38,146.0
4624,Liepard V,Chilling-Reign,Ultra Rare,0.41,0.89,0.65,0.83,726,0.0
3562,Lucario V,Astral-Radiance,Ultra Rare,0.4,1.13,1.23,1.24,804,0.0
3829,Mimikyu V,Brilliant-Stars,Ultra Rare,0.25,1.18,1.07,0.9,1113,0.0
2613,Raichu,Paldea-Evolved,Illustration Rare,10.0,24.9,24.01,26.26,209,0.0
1811,Toedscruel,Paradox-Rift,Illustration Rare,2.0,3.57,3.57,3.43,274,5.0
310,Ledian,Stellar-Crown,Illustration Rare,1.7,3.08,3.0,2.94,601,0.0
4514,Cresselia,Evolving-Skies,Secret Rare ,9.5,14.09,15.26,12.99,166,0.0
3173,Gardenia's Vigor,Crown-Zenith,Special Illustration Rare,5.0,7.74,8.82,8.38,292,0.0
1545,Murkrow,Paldean-Fates,Shiny Rare,1.5,3.46,3.61,3.35,224,1.0
168,Lady,Lost-Origin,Ultra Rare,1.97,3.82,4.08,3.6,379,0.0
2172,Larvitar,Obsidian-Flames,Illustration Rare,1.0,2.28,2.18,2.12,539,0.0
2776,Dondozo,Scarlet-Violet,Illustration Rare,3.8,5.6,5.52,5.35,263,0.0
3543,Frosmoth,Astral-Radiance,Illustration Rare,0.5,1.3,1.38,1.22,580,0.0
390,Hydrapple ex,Stellar-Crown,Special Illustration Rare,15.0,27.62,27.04,29.07,249,0.0
4535,Stormy Mountains,Evolving-Skies,Secret Rare ,4.49,5.81,6.3,6.36,185,0.0
5206,Gossifleur,Shining-Fates,Shiny Rare,1.5,3.0,2.91,2.7,199,0.0
1508,Revavroom,Paldean-Fates,Shiny Rare,1.25,2.69,2.64,2.66,290,0.0
4133,Mew V,Fusion-Strike,Ultra Rare,5.0,11.8,11.23,10.43,226,0.0
1831,Magby,Paradox-Rift,Illustration Rare,6.0,9.67,9.66,8.72,162,0.0
5231,Galarian Weezing,Shining-Fates,Shiny Rare,1.5,5.62,7.69,4.7,185,0.0
2782,Arven,Scarlet-Violet,Special Illustration Rare,6.39,9.42,10.0,9.48,270,381.0
4773,Electrode,Chilling-Reign,Secret Rare ,7.0,10.15,9.53,10.19,142,0.0
210,Box of Disaster,Lost-Origin,Secret Rare ,1.5,3.18,2.65,2.44,436,0.0
141,Adventurer's Discovery,Lost-Origin,Ultra Rare,1.4,2.69,1.79,2.83,421,0.0
4371,Leafeon VMAX,Evolving-Skies,Ultra Rare,0.98,4.4,4.72,4.25,316,0.0
648,Jasmine's Gaze,Surging-Sparks,Ultra Rare,2.0,3.98,3.72,3.85,374,0.0
3440,Leafy Camo Poncho,Silver-Tempest,Secret Rare ,1.0,2.47,1.5,2.22,391,0.0
2852,Bombirdier,Scarlet-Violet,Illustration Rare,0.9,3.12,2.86,2.98,349,0.0
4964,Level Ball,Battle-Styles,Secret Rare ,7.0,8.75,8.0,8.39,207,0.0
2747,Nest Ball,Scarlet-Violet,Secret Rare ,7.9,12.51,12.0,12.31,280,789.0
3931,Pikachu V,Brilliant-Stars,Ultra Rare,6.5,11.0,9.47,9.88,395,0.0
3454,Ho-Oh V,Silver-Tempest,Ultra Rare,4.99,8.29,7.49,6.69,266,0.0
391,Dachsbun ex,Stellar-Crown,Special Illustration Rare,18.0,26.21,25.71,25.27,162,0.0
1396,Nemona,Paldean-Fates,Special Illustration Rare,2.99,4.43,5.68,4.88,461,0.0
4062,Inteleon VMAX,Fusion-Strike,Ultra Rare,0.9,1.7,1.65,1.38,558,0.0
5067,Alcremie VMAX,Shining-Fates,Ultra Rare,1.0,2.28,2.31,2.28,693,0.0
5256,Galarian Obstagoon,Shining-Fates,Shiny Rare,2.0,4.01,3.72,3.49,166,0.0
249,Giratina VSTAR,Lost-Origin,Secret Rare ,14.95,18.67,20.32,20.0,187,133.0
3499,Serperior VSTAR,Silver-Tempest,Secret Rare ,4.98,7.84,7.92,7.7,223,0.0
3974,Shaymin V,Brilliant-Stars,Ultra Rare,0.8,2.05,2.26,2.42,463,0.0
2488,Meowscarada ex,Paldea-Evolved,Special Illustration Rare,8.95,14.07,13.91,13.44,311,0.0
3573,Heatran V,Astral-Radiance,Ultra Rare,0.25,0.98,0.94,0.93,784,0.0
3044,Deoxys,Crown-Zenith,Illustration Rare,1.5,2.98,3.13,2.76,374,0.0
4063,Dodrio V,Fusion-Strike,Ultra Rare,0.3,1.01,1.17,0.84,737,0.0
1557,Oinkologne,Paldean-Fates,Shiny Rare,1.0,2.84,2.83,3.17,212,0.0
1689,Gholdengo ex,Paradox-Rift,Ultra Rare,2.8,7.01,7.36,5.85,143,41.0
2106,Blastoise ex,151,Ultra Rare,17.75,29.36,29.01,28.59,324,0.0
1514,Klefki,Paldean-Fates,Shiny Rare,2.3,3.95,3.75,3.81,185,73.0
4352,Garbodor V,Evolving-Skies,Ultra Rare,0.25,0.84,0.82,0.87,1109,0.0
2920,Kingambit,Scarlet-Violet,Illustration Rare,3.5,5.75,5.52,5.5,294,0.0
2612,Eiscue,Paldea-Evolved,Illustration Rare,4.99,6.84,6.6,7.07,178,0.0
5218,Applin,Shining-Fates,Shiny Rare,0.85,3.25,2.98,3.12,173,0.0
3637,Galarian Articuno V,Astral-Radiance,Special Illustration Rare,3.99,8.54,8.97,8.32,310,0.0
3875,Mimikyu V,Brilliant-Stars,Special Illustration Rare,10.0,15.36,14.26,16.19,224,0.0
2660,Saguaro,Paldea-Evolved,Special Illustration Rare,3.5,5.42,6.96,5.87,326,0.0
1805,Minior,Paradox-Rift,Illustration Rare,3.0,4.71,4.78,4.75,244,6.0
945,Wellspring Mask Ogerpon ex,Twilight-Masquerade,Ultra Rare,1.9,3.12,3.06,3.09,410,47.0
4550,Duraludon VMAX,Evolving-Skies,Secret Rare ,5.98,10.8,9.14,8.99,110,0.0
3867,Umbreon V,Brilliant-Stars,Special Illustration Rare,14.0,30.03,31.56,30.64,212,0.0
239,Colress's Experiment,Lost-Origin,Secret Rare ,2.9,5.65,4.5,5.73,237,61.0
3800,Vaporeon,Brilliant-Stars,Illustration Rare,4.0,7.3,7.24,6.08,319,0.0
805,Houndoom,Shrouded-Fable,Illustration Rare,10.0,18.2,19.36,20.07,262,0.0
2103,Wigglytuff ex,151,Ultra Rare,9.9,14.83,14.4,14.27,319,0.0
1178,Explorer's Guidance,Temporal-Forces,Ultra Rare,1.9,3.31,3.07,3.13,419,28.0
2081,Pikachu,151,Illustration Rare,20.0,27.75,30.07,28.07,299,0.0
4382,Lycanroc VMAX,Evolving-Skies,Ultra Rare,0.8,1.88,2.24,1.96,465,0.0
1195,Mudsdale,Temporal-Forces,Illustration Rare,1.8,3.41,3.21,3.17,284,0.0
3133,Deoxys VSTAR,Crown-Zenith,Special Illustration Rare,8.0,14.04,15.42,14.53,220,0.0
2833,Jacq,Scarlet-Violet,Ultra Rare,1.35,3.0,3.04,2.95,385,53.0
1834,Maushold ex,Paradox-Rift,Ultra Rare,2.2,3.96,3.95,3.81,274,0.0
3069,Thievul,Crown-Zenith,Illustration Rare,0.3,1.33,1.15,1.21,560,0.0
4748,Fighting Energy,Chilling-Reign,Secret Rare ,5.0,7.35,12.53,8.14,139,86.0
291,Crispin,Stellar-Crown,Ultra Rare,1.98,3.63,4.41,3.98,486,49.0
614,Scovillain ex,Surging-Sparks,Ultra Rare,0.65,1.64,1.76,2.01,341,0.0
3742,Choice Belt,Astral-Radiance,Secret Rare ,1.89,4.26,4.95,4.32,308,2.0
1576,Xatu,Paldean-Fates,Shiny Rare,2.5,3.79,3.92,3.73,239,2.0
697,Gravity Mountain,Surging-Sparks,Secret Rare ,11.0,12.88,13.53,12.81,119,8.0
1541,Koraidon ex,Paldean-Fates,Secret Rare ,8.99,11.79,11.53,11.99,223,0.0
861,Timburr,Twilight-Masquerade,Illustration Rare,1.2,2.17,2.18,2.08,549,2.0
3712,Ice Rider Calyrex V,Astral-Radiance,Special Illustration Rare,4.0,7.78,8.42,7.33,257,0.0
2098,Alakazam ex,151,Ultra Rare,10.0,17.25,16.81,16.73,310,0.0
1812,Larry,Paradox-Rift,Ultra Rare,1.0,2.23,2.51,2.31,405,0.0
1525,Riolu,Paldean-Fates,Shiny Rare,3.0,5.24,5.03,4.98,192,0.0
3113,Professor's Research,Crown-Zenith,Ultra Rare,2.3,3.43,3.13,3.48,242,402.0
1458,Wingull,Paldean-Fates,Shiny Rare,1.95,2.89,3.04,2.72,267,0.0
5153,Dedenne,Shining-Fates,Shiny Rare,0.6,1.98,2.1,1.87,375,0.0
41,Aerodactyl VSTAR,Lost-Origin,Ultra Rare,0.4,1.02,0.97,0.95,1260,0.0
2835,Starly,Scarlet-Violet,Illustration Rare,2.9,5.01,4.85,5.26,243,0.0
585,Braviary,Surging-Sparks,Illustration Rare,3.49,4.7,4.81,5.09,338,0.0
3037,Bidoof,Crown-Zenith,Illustration Rare,0.99,2.79,2.89,2.6,393,10.0
628,Castform Sunny Form,Surging-Sparks,Illustration Rare,4.4,6.48,6.56,7.02,283,0.0
3490,Gym Trainer,Silver-Tempest,Ultra Rare,1.5,2.46,1.98,2.28,327,0.0
4391,Copycat,Evolving-Skies,Ultra Rare,1.99,2.65,2.4,2.7,371,0.0
3955,Shaymin VSTAR,Brilliant-Stars,Secret Rare ,3.0,5.4,5.29,4.43,384,0.0
2842,Penny,Scarlet-Violet,Ultra Rare,1.8,4.67,4.8,4.55,387,129.0
22,Snorlax,Lost-Origin,Illustration Rare,0.99,1.95,2.04,1.95,674,0.0
660,Clobbopus,Surging-Sparks,Illustration Rare,2.5,3.93,3.91,4.22,365,0.0
4988,Houndoom,Battle-Styles,Secret Rare ,11.95,19.88,19.75,18.39,192,0.0
769,Xerosic's Machinations,Shrouded-Fable,Ultra Rare,1.9,2.84,2.4,2.94,459,45.0
3439,Gapejaw Bog,Silver-Tempest,Secret Rare ,1.5,3.36,2.96,3.24,392,0.0
5173,Chewtle,Shining-Fates,Shiny Rare,1.0,2.44,2.65,2.41,191,0.0
4579,Trevenant VMAX,Evolving-Skies,Secret Rare ,3.49,7.03,6.25,6.51,179,0.0
4776,Ice Rider Calyrex V,Chilling-Reign,Ultra Rare,9.0,26.28,29.5,25.26,123,0.0
3996,Arceus V,Brilliant-Stars,Ultra Rare,3.99,6.99,6.18,7.36,327,0.0
4513,Lycanroc V,Evolving-Skies,Ultra Rare,2.0,4.68,5.23,5.29,179,0.0
3496,Lugia VSTAR,Silver-Tempest,Secret Rare ,19.99,31.92,31.49,28.65,215,34.0
1420,Cleffa,Paldean-Fates,Shiny Rare,0.94,1.7,1.7,1.67,516,227.0
3448,Serena,Silver-Tempest,Ultra Rare,5.0,12.62,8.48,10.49,386,6.0
3527,Origin Forme Palkia V,Astral-Radiance,Ultra Rare,0.5,1.28,1.31,1.3,1695,47.0
802,Revavroom ex,Shrouded-Fable,Ultra Rare,0.9,1.66,1.64,1.82,504,0.0
1462,Ditto,Paldean-Fates,Shiny Rare,5.0,7.94,7.93,7.86,199,5.0
2611,Tropius,Paldea-Evolved,Illustration Rare,3.0,6.19,5.82,5.73,178,0.0
3817,Arceus VSTAR,Brilliant-Stars,Ultra Rare,1.25,2.52,2.44,3.21,703,0.0
5242,Inteleon,Shining-Fates,Shiny Rare,3.9,5.62,6.64,5.87,186,0.0
2623,Lycanroc ex,Paldea-Evolved,Ultra Rare,1.4,2.18,2.14,2.15,379,0.0
3608,Oranguru V,Astral-Radiance,Ultra Rare,1.99,3.23,3.59,2.86,259,34.0
1511,Baxcalibur,Paldean-Fates,Shiny Rare,3.0,4.15,4.43,4.49,289,7.0
2549,Quaquaval ex,Paldea-Evolved,Ultra Rare,0.9,1.75,1.95,2.1,426,0.0
2087,Charmeleon,151,Illustration Rare,25.98,34.22,38.35,32.43,288,3.0
3458,Skuntank V,Silver-Tempest,Ultra Rare,0.74,1.96,2.13,2.46,328,0.0
4011,Charizard V,Brilliant-Stars,Ultra Rare,9.75,27.38,27.58,24.36,250,0.0
200,Galarian Perrserker V,Lost-Origin,Ultra Rare,0.5,2.15,2.04,2.01,448,0.0
3695,Shadow Rider Calyrex V,Astral-Radiance,Special Illustration Rare,3.98,5.89,6.97,7.12,247,0.0
4557,Duraludon VMAX,Evolving-Skies,Secret Rare ,15.0,31.3,30.22,28.08,110,0.0
2865,Scovillain,Scarlet-Violet,Illustration Rare,1.3,3.95,4.05,3.75,358,0.0
4979,Tyranitar V,Battle-Styles,Ultra Rare,4.5,7.27,7.33,7.27,170,0.0
4567,Crystal Cave,Evolving-Skies,Secret Rare ,4.99,6.64,5.0,6.74,176,0.0
3729,Grant,Astral-Radiance,Ultra Rare,1.39,2.19,1.4,2.26,355,2.0
3501,Serena,Silver-Tempest,Secret Rare ,7.0,9.01,10.0,9.36,242,5.0
5136,Rowlet,Shining-Fates,Shiny Rare,1.0,2.0,1.7,1.97,332,0.0
5172,Grapploct,Shining-Fates,Shiny Rare,1.2,2.79,2.67,2.82,188,0.0
2092,Giovanni's Charisma,151,Special Illustration Rare,11.0,15.37,14.45,15.19,314,2.0
2574,Flamigo,Paldea-Evolved,Illustration Rare,3.25,4.32,4.29,4.42,310,1.0
2869,Pawmot,Scarlet-Violet,Illustration Rare,2.0,4.63,4.15,4.04,301,0.0
4578,Lycanroc VMAX,Evolving-Skies,Secret Rare ,5.89,8.64,9.19,8.15,152,0.0
4671,Sandaconda VMAX,Chilling-Reign,Ultra Rare,0.5,1.77,2.14,1.65,528,0.0
3819,Kingler V,Brilliant-Stars,Ultra Rare,0.27,1.05,1.27,0.93,1017,0.0
4385,Duraludon VMAX,Evolving-Skies,Ultra Rare,0.59,1.17,1.28,1.35,642,0.0
1154,Deerling,Temporal-Forces,Illustration Rare,6.0,8.9,8.54,8.44,181,0.0
4530,Duraludon V,Evolving-Skies,Ultra Rare,1.75,4.02,4.46,4.33,169,0.0
3990,Whimsicott V,Brilliant-Stars,Ultra Rare,0.8,2.33,2.14,1.97,485,0.0
2632,Squawkabilly ex,Paldea-Evolved,Special Illustration Rare,9.0,12.06,12.16,11.74,194,439.0
4360,Rayquaza VMAX,Evolving-Skies,Ultra Rare,1.5,3.97,3.19,3.25,379,0.0
1241,Torterra ex,Temporal-Forces,Ultra Rare,1.5,3.38,2.99,3.2,382,0.0
899,Heliolisk,Twilight-Masquerade,Illustration Rare,1.65,2.6,2.39,2.28,496,0.0
1246,Iron Crown ex,Temporal-Forces,Ultra Rare,1.49,2.47,2.66,2.52,644,0.0
306,Joltik,Stellar-Crown,Illustration Rare,2.0,3.37,3.36,3.32,603,0.0
4051,Tyranitar V,Fusion-Strike,Ultra Rare,0.4,1.16,1.09,0.94,712,0.0
565,Cetitan,Surging-Sparks,Illustration Rare,1.94,3.04,3.08,3.14,311,0.0
209,Gallade V,Lost-Origin,Ultra Rare,1.0,1.93,2.12,2.34,389,0.0
3066,Solrock,Crown-Zenith,Illustration Rare,0.75,1.7,1.8,1.66,415,0.0
2173,Bellibolt,Obsidian-Flames,Illustration Rare,0.89,1.72,1.65,1.74,553,0.0
4817,Sandaconda V,Chilling-Reign,Ultra Rare,1.4,1.81,1.93,2.2,307,0.0
3136,Hisuian Samurott VSTAR,Crown-Zenith,Special Illustration Rare,3.99,7.4,7.96,6.88,363,0.0
926,Iron Thorns ex,Twilight-Masquerade,Ultra Rare,3.8,4.94,5.06,4.71,328,29.0
2195,Vespiquen ex,Obsidian-Flames,Ultra Rare,0.5,1.65,1.71,1.58,688,0.0
2163,Artazon,Obsidian-Flames,Secret Rare ,0.89,2.26,2.23,2.52,757,83.0
299,Kofu,Stellar-Crown,Ultra Rare,0.45,1.36,1.01,1.33,712,6.0
3799,Raichu V,Brilliant-Stars,Ultra Rare,0.85,1.86,1.92,2.35,436,17.0
1840,Hoopa ex,Paradox-Rift,Ultra Rare,1.88,3.62,3.67,3.64,326,0.0
1823,Froslass ex,Paradox-Rift,Ultra Rare,1.6,2.72,2.93,2.69,384,0.0
704,Archaludon ex,Surging-Sparks,Special Illustration Rare,16.5,19.78,20.15,20.63,144,15.0
4630,Metagross VMAX,Chilling-Reign,Ultra Rare,0.99,2.5,2.22,2.0,410,0.0
3947,Rapid Strike Urshifu VMAX,Brilliant-Stars,Special Illustration Rare,3.99,6.51,6.88,6.56,294,0.0
2768,Gyarados ex,Scarlet-Violet,Ultra Rare,4.0,5.21,5.82,6.09,541,0.0
1574,Dachsbun,Paldean-Fates,Shiny Rare,1.75,3.32,3.17,2.92,235,0.0
5192,Swanna,Shining-Fates,Shiny Rare,1.2,2.47,2.86,2.96,196,0.0
